seqnames,start,end,width,strand,pvalue,qvalue,meth.diff,annot.seqnames,annot.start,annot.end,annot.width,annot.strand,annot.id,annot.tx_id,annot.gene_id,annot.symbol,annot.type
chr6,68703188,68703188,1,*,4.14437E-14,6.3931E-10,-55.24847196,chr6,68639433,68930558,291126,+,intron:463918,ENST00000370598.6,577,ADGRB3,hg38_genes_introns
chr3,146086629,146086629,1,*,1.09745E-13,1.3837E-09,-51.01010101,chr3,146085890,146086889,1000,-,promoter:54926,ENST00000461497.5,5352,PLOD2,hg38_genes_promoters
chr3,146086629,146086629,1,*,1.09745E-13,1.3837E-09,-51.01010101,chr3,146085169,146086735,1567,-,exon:372899,ENST00000478436.1,5352,PLOD2,hg38_genes_exons
chr3,146086629,146086629,1,*,1.09745E-13,1.3837E-09,-51.01010101,chr3,146085274,146086786,1513,-,intron:317919,ENST00000282903.10,5352,PLOD2,hg38_genes_introns
chr8,76435968,76435968,1,*,2.20722E-11,9.87491E-08,-50.76923077,chr8,76433752,76475945,42194,+,intron:595423,ENST00000518732.1,101926978,LINC01111,hg38_genes_introns
chr8,90290974,90290974,1,*,2.45154E-10,7.29037E-07,-50.39454806,chr8,90246271,90387566,141296,+,intron:596433,ENST00000662145.1,100874052,LINC00534,hg38_genes_introns
chr8,90290974,90290974,1,*,2.45154E-10,7.29037E-07,-50.39454806,chr8,90246271,90569134,322864,+,intron:596435,ENST00000655523.1,100874052,LINC00534,hg38_genes_introns
chr8,90290974,90290974,1,*,2.45154E-10,7.29037E-07,-50.39454806,chr8,90246271,90454408,208138,+,intron:596442,ENST00000658342.1,100874052,LINC00534,hg38_genes_introns
chr8,90290974,90290974,1,*,2.45154E-10,7.29037E-07,-50.39454806,chr8,90246271,90351540,105270,+,intron:596458,ENST00000523406.2,100874052,LINC00534,hg38_genes_introns
chr8,90290974,90290974,1,*,2.45154E-10,7.29037E-07,-50.39454806,chr8,90246271,90566488,320218,+,intron:596472,ENST00000654785.1,100874052,LINC00534,hg38_genes_introns
chr8,90290974,90290974,1,*,2.45154E-10,7.29037E-07,-50.39454806,chr8,90246271,90430367,184097,+,intron:596488,ENST00000661519.1,100874052,LINC00534,hg38_genes_introns
chr8,90290974,90290974,1,*,2.45154E-10,7.29037E-07,-50.39454806,chr8,90246271,90408336,162066,+,intron:596496,ENST00000663098.1,100874052,LINC00534,hg38_genes_introns
chr7,12345272,12345272,1,*,1.244E-11,6.39008E-08,-49.72761321,chr7,12344470,12351572,7103,-,intron:548647,ENST00000275358.8,221806,VWDE,hg38_genes_introns
chr7,12345272,12345272,1,*,1.244E-11,6.39008E-08,-49.72761321,chr7,12344470,12345738,1269,-,intron:548721,ENST00000649524.1,221806,VWDE,hg38_genes_introns
chr5,66664856,66664856,1,*,1.79582E-11,8.58843E-08,-49.70722186,chr5,66597019,66759708,162690,+,intron:394529,ENST00000406374.5,375449,MAST4,hg38_genes_introns
chr10,54991960,54991960,1,*,5.48139E-11,2.05465E-07,-49.6344086,chr10,54897501,55166575,269075,-,intron:719630,ENST00000613346.4,65217,PCDH15,hg38_genes_introns
chr5,135258076,135258076,1,*,2.39374E-09,5.62696E-06,-46.47606383,chr5,135174173,135333757,159585,+,intron:406837,ENST00000624272.3,100996485,PITX1-AS1,hg38_genes_introns
chr5,135258076,135258076,1,*,2.39374E-09,5.62696E-06,-46.47606383,chr5,135174173,135296494,122322,+,intron:406851,ENST00000513931.2,100996485,PITX1-AS1,hg38_genes_introns
chr6,101426545,101426545,1,*,2.47058E-10,7.29037E-07,-44.85929228,chr6,101399393,101621948,222556,+,intron:468010,ENST00000683774.1,2898,GRIK2,hg38_genes_introns
chr6,101426545,101426545,1,*,2.47058E-10,7.29037E-07,-44.85929228,chr6,101399393,101495966,96574,+,intron:468324,ENST00000369137.8,2898,GRIK2,hg38_genes_introns
chr6,101426545,101426545,1,*,2.47058E-10,7.29037E-07,-44.85929228,chr6,101399393,101620092,220700,+,intron:468340,ENST00000683806.1,2898,GRIK2,hg38_genes_introns
chr11,103988917,103988917,1,*,1.55747E-08,2.11772E-05,-44.79166667,chr11,103947725,103996064,48340,-,intron:809387,ENST00000393158.7,80310,PDGFD,hg38_genes_introns
chr1,88252471,88252471,1,*,3.20177E-11,1.26874E-07,-44.70108696,chr1,88034900,88269151,234252,-,intron:95155,ENST00000644540.1,107985519,LINC01773,hg38_genes_introns
chr1,88252471,88252471,1,*,3.20177E-11,1.26874E-07,-44.70108696,chr1,88034900,88327186,292287,-,intron:95157,ENST00000643530.1,107985519,LINC01773,hg38_genes_introns
chr3,158535168,158535168,1,*,4.27907E-09,8.35873E-06,-44.69387755,chr3,158461004,158537091,76088,+,intron:275591,ENST00000480820.5,51319,RSRC1,hg38_genes_introns
chr3,158535168,158535168,1,*,4.27907E-09,8.35873E-06,-44.69387755,chr3,158461010,158537091,76082,+,intron:275658,ENST00000476899.6,51319,RSRC1,hg38_genes_introns
chr3,158535168,158535168,1,*,4.27907E-09,8.35873E-06,-44.69387755,chr3,158354909,158537091,182183,+,intron:275706,ENST00000682164.1,51319,RSRC1,hg38_genes_introns
chr1,66357450,66357450,1,*,1.14448E-11,6.10499E-08,-44.57510001,chr1,66355426,66359425,4000,+,1to5kb:4292,ENST00000524999.1,5142,PDE4B,hg38_genes_1to5kb
chr1,66357450,66357450,1,*,1.14448E-11,6.10499E-08,-44.57510001,chr1,66355621,66361614,5994,+,intron:25018,ENST00000329654.8,5142,PDE4B,hg38_genes_introns
chr7,15404911,15404911,1,*,2.53463E-09,5.85828E-06,-43.77013963,chr7,15394180,15418557,24378,-,intron:549092,ENST00000342526.8,392636,AGMO,hg38_genes_introns
chr16,80471872,80471872,1,*,1.15024E-08,1.71536E-05,-42.87278986,chr16,80160322,80528641,368320,-,intron:1071027,ENST00000668341.1,102724084,DYNLRB2-AS1,hg38_genes_introns
chr16,80471872,80471872,1,*,1.15024E-08,1.71536E-05,-42.87278986,chr16,80160307,80528641,368335,-,intron:1071032,ENST00000568776.5,102724084,DYNLRB2-AS1,hg38_genes_introns
chr16,80471872,80471872,1,*,1.15024E-08,1.71536E-05,-42.87278986,chr16,80291763,80528641,236879,-,intron:1071039,ENST00000666474.1,102724084,DYNLRB2-AS1,hg38_genes_introns
chr16,80471872,80471872,1,*,1.15024E-08,1.71536E-05,-42.87278986,chr16,80159456,80491216,331761,-,intron:1071042,ENST00000565050.5,102724084,DYNLRB2-AS1,hg38_genes_introns
chr16,80471872,80471872,1,*,1.15024E-08,1.71536E-05,-42.87278986,chr16,80218867,80492569,273703,-,intron:1071046,ENST00000568819.5,102724084,DYNLRB2-AS1,hg38_genes_introns
chr8,68061191,68061191,1,*,8.84361E-09,1.4262E-05,-42.14285714,chr8,68060780,68069032,8253,+,intron:594494,ENST00000288368.5,80243,PREX2,hg38_genes_introns
chr4,44631848,44631848,1,*,1.53866E-08,2.11286E-05,-41.37485649,chr4,44630549,44634548,4000,-,1to5kb:63459,ENST00000684735.1,285525,YIPF7,hg38_genes_1to5kb
chr4,44631848,44631848,1,*,1.53866E-08,2.11286E-05,-41.37485649,chr4,44629549,44635921,6373,-,intron:364943,ENST00000415895.9,285525,YIPF7,hg38_genes_introns
chr4,44631848,44631848,1,*,1.53866E-08,2.11286E-05,-41.37485649,chr4,44629549,44635897,6349,-,intron:364948,ENST00000682193.1,285525,YIPF7,hg38_genes_introns
chr4,44631848,44631848,1,*,1.53866E-08,2.11286E-05,-41.37485649,chr4,44629549,44649984,20436,-,intron:364952,ENST00000502794.1,285525,YIPF7,hg38_genes_introns
chr4,44631848,44631848,1,*,1.53866E-08,2.11286E-05,-41.37485649,chr4,44629549,44635334,5786,-,intron:364954,ENST00000682988.1,285525,YIPF7,hg38_genes_introns
chr1,4767374,4767374,1,*,1.03634E-10,3.3625E-07,-40.57354094,chr1,4712700,4769852,57153,+,intron:2476,ENST00000378191.5,55966,AJAP1,hg38_genes_introns
chr15,61932413,61932413,1,*,3.67675E-07,0.000246306,-40.29411765,chr15,61931260,61934218,2959,-,intron:1001689,ENST00000644861.2,54832,VPS13C,hg38_genes_introns
chr8,3974166,3974166,1,*,7.38401E-08,7.36761E-05,-40.22198732,chr8,3754043,3997902,243860,-,intron:605729,ENST00000635120.2,64478,CSMD1,hg38_genes_introns
chr5,96354119,96354119,1,*,1.699E-07,0.00014325,-40.13627515,chr5,96318545,96379565,61021,+,intron:400807,ENST00000502645.2,101929710,LOC101929710,hg38_genes_introns
chr6,51597583,51597583,1,*,4.26624E-07,0.000277789,-39.625,chr6,51594723,51598722,4000,+,1to5kb:82068,ENST00000589278.6,101927082,LOC101927082,hg38_genes_1to5kb
chr6,169621618,169621618,1,*,4.20202E-13,3.88522E-09,-39.32819568,chr6,169602322,169672254,69933,-,intron:513770,ENST00000648086.1,253769,WDR27,hg38_genes_introns
chr6,169621618,169621618,1,*,4.20202E-13,3.88522E-09,-39.32819568,chr6,169613657,169632946,19290,-,intron:513780,ENST00000650382.1,253769,WDR27,hg38_genes_introns
chr6,169621618,169621618,1,*,4.20202E-13,3.88522E-09,-39.32819568,chr6,169602322,169632946,30625,-,intron:513877,ENST00000647790.1,253769,WDR27,hg38_genes_introns
chr10,54991959,54991959,1,*,9.8381E-08,9.33775E-05,-38.91151425,chr10,54897501,55166575,269075,-,intron:719630,ENST00000613346.4,65217,PCDH15,hg38_genes_introns
chr13,90497637,90497637,1,*,8.14367E-08,7.89829E-05,-38.11965812,chr13,90493418,90498209,4792,+,intron:899867,ENST00000426840.1,101927224,LINC01049,hg38_genes_introns
chr8,10754564,10754564,1,*,2.06839E-07,0.000162072,-38.09466019,chr8,10726667,10826151,99485,-,intron:606533,ENST00000554914.1,83595,SOX7,hg38_genes_introns
chr8,10754564,10754564,1,*,2.06839E-07,0.000162072,-38.09466019,chr8,10754319,10764336,10018,+,intron:581992,ENST00000506149.2,102723313,LOC102723313,hg38_genes_introns
chr8,10754564,10754564,1,*,2.06839E-07,0.000162072,-38.09466019,chr8,10729631,10768399,38769,+,intron:581993,ENST00000657150.1,102723313,LOC102723313,hg38_genes_introns
chr8,10754564,10754564,1,*,2.06839E-07,0.000162072,-38.09466019,chr8,10729631,10771194,41564,+,intron:581995,ENST00000519568.1,102723313,LOC102723313,hg38_genes_introns
chr7,8698569,8698569,1,*,3.28649E-08,4.0337E-05,-36.73025221,chr7,8435768,8751007,315240,+,intron:516181,ENST00000405863.6,30010,NXPH1,hg38_genes_introns
chr7,8698569,8698569,1,*,3.28649E-08,4.0337E-05,-36.73025221,chr7,8690346,8751007,60662,+,intron:516185,ENST00000497400.1,30010,NXPH1,hg38_genes_introns
chr15,27776358,27776358,1,*,5.35763E-06,0.001986784,-36.58119658,chr15,27755473,27844958,89486,-,intron:989846,ENST00000353809.9,4948,OCA2,hg38_genes_introns
chr4,106786879,106786879,1,*,9.73068E-08,9.30732E-05,-36.45833333,chr4,106707439,106789235,81797,+,intron:344915,ENST00000650850.1,105377356,LOC105377356,hg38_genes_introns
chr3,172384383,172384383,1,*,3.00578E-09,6.7238E-06,-36.324391,chr3,172381094,172397163,16070,+,intron:277626,ENST00000415807.7,64778,FNDC3B,hg38_genes_introns
chr3,174271825,174271825,1,*,3.73006E-06,0.00148657,-36.1627907,chr3,173807833,174275314,467482,+,intron:277885,ENST00000695368.1,22871,NLGN1,hg38_genes_introns
chr3,174271825,174271825,1,*,3.73006E-06,0.00148657,-36.1627907,chr3,174136581,174275314,138734,+,intron:277907,ENST00000466350.1,22871,NLGN1,hg38_genes_introns
chr3,174271825,174271825,1,*,3.73006E-06,0.00148657,-36.1627907,chr3,174202815,174275314,72500,+,intron:277912,ENST00000490929.5,22871,NLGN1,hg38_genes_introns
chr3,174271825,174271825,1,*,3.73006E-06,0.00148657,-36.1627907,chr3,174180849,174275314,94466,+,intron:277914,ENST00000469727.1,22871,NLGN1,hg38_genes_introns
chr7,79414486,79414486,1,*,5.97716E-09,1.06279E-05,-36.1449547,chr7,79409989,79415674,5686,-,exon:659692,ENST00000636234.1,9863,MAGI2,hg38_genes_exons
chr7,79414486,79414486,1,*,5.97716E-09,1.06279E-05,-36.1449547,chr7,79007207,79453019,445813,-,intron:559615,ENST00000354212.9,9863,MAGI2,hg38_genes_introns
chr13,92190445,92190445,1,*,1.51435E-06,0.000805602,-35.88235294,chr13,92144990,92866281,721292,+,intron:899886,ENST00000377067.9,2262,GPC5,hg38_genes_introns
chr1,121441454,121441454,1,*,1.3882E-05,0.004051847,-35.78548644,chr1,121397305,121460018,62714,+,intron:37567,ENST00000417218.1,107985194,LINC02798,hg38_genes_introns
chr1,121441454,121441454,1,*,1.3882E-05,0.004051847,-35.78548644,chr1,121428065,121460018,31954,+,intron:37569,ENST00000670866.1,107985194,LINC02798,hg38_genes_introns
chr1,121441454,121441454,1,*,1.3882E-05,0.004051847,-35.78548644,chr1,121397788,121460018,62231,+,intron:37575,ENST00000664311.1,107985194,LINC02798,hg38_genes_introns
chr3,79689071,79689071,1,*,1.63045E-06,0.000847779,-35.54022989,chr3,79589962,79767751,177790,-,intron:305705,ENST00000464233.6,6091,ROBO1,hg38_genes_introns
chr3,180774542,180774542,1,*,1.68275E-06,0.000856215,-35.47701302,chr3,180751411,180781983,30573,-,intron:322832,ENST00000471307.6,101928882,LOC101928882,hg38_genes_introns
chr3,180774542,180774542,1,*,1.68275E-06,0.000856215,-35.47701302,chr3,180711404,180781983,70580,-,intron:322850,ENST00000495817.1,101928882,LOC101928882,hg38_genes_introns
chr7,115199646,115199646,1,*,6.48112E-06,0.002281408,-35.20336606,chr7,115155207,115231182,75976,-,intron:571407,ENST00000419883.1,104355291,LINC01392,hg38_genes_introns
chr1,83732041,83732041,1,*,1.24548E-06,0.000690949,-34.67532468,chr1,83578673,83750197,171525,-,intron:94124,ENST00000417975.1,101927587,LINC01725,hg38_genes_introns
chr1,83732041,83732041,1,*,1.24548E-06,0.000690949,-34.67532468,chr1,83617056,83750197,133142,-,intron:94126,ENST00000701853.1,101927587,LINC01725,hg38_genes_introns
chr1,83732041,83732041,1,*,1.24548E-06,0.000690949,-34.67532468,chr1,83616840,83750197,133358,-,intron:94129,ENST00000701862.1,101927587,LINC01725,hg38_genes_introns
chr2,51524846,51524846,1,*,6.28662E-07,0.000394524,-34.35314685,chr2,51378174,51527601,149428,+,intron:139078,ENST00000440698.1,730100,LOC730100,hg38_genes_introns
chr4,168722847,168722847,1,*,8.28101E-06,0.002728039,-34.26553672,chr4,168711924,168890921,178998,+,intron:357418,ENST00000505667.6,23022,PALLD,hg38_genes_introns
chr4,168722847,168722847,1,*,8.28101E-06,0.002728039,-34.26553672,chr4,168711924,168877722,165799,+,intron:357492,ENST00000649826.1,23022,PALLD,hg38_genes_introns
chr4,168722847,168722847,1,*,8.28101E-06,0.002728039,-34.26553672,chr4,168712275,168890921,178647,+,intron:357494,ENST00000510998.5,23022,PALLD,hg38_genes_introns
chr1,165629405,165629405,1,*,2.17723E-05,0.005769584,-33.81944444,chr1,165626213,165630212,4000,+,1to5kb:8398,ENST00000367888.8,4259,MGST3,hg38_genes_1to5kb
chr1,165629405,165629405,1,*,2.17723E-05,0.005769584,-33.81944444,chr1,165626226,165630225,4000,+,1to5kb:8399,ENST00000461308.1,4259,MGST3,hg38_genes_1to5kb
chr1,165629405,165629405,1,*,2.17723E-05,0.005769584,-33.81944444,chr1,165626234,165630233,4000,+,1to5kb:8400,ENST00000367889.8,4259,MGST3,hg38_genes_1to5kb
chr1,165629405,165629405,1,*,2.17723E-05,0.005769584,-33.81944444,chr1,165626237,165630236,4000,+,1to5kb:8401,ENST00000460632.1,4259,MGST3,hg38_genes_1to5kb
chr1,165629405,165629405,1,*,2.17723E-05,0.005769584,-33.81944444,chr1,165626239,165630238,4000,+,1to5kb:8402,ENST00000495447.5,4259,MGST3,hg38_genes_1to5kb
chr1,165629405,165629405,1,*,2.17723E-05,0.005769584,-33.81944444,chr1,165626240,165630239,4000,+,1to5kb:8403,ENST00000367885.5,4259,MGST3,hg38_genes_1to5kb
chr1,165629405,165629405,1,*,2.17723E-05,0.005769584,-33.81944444,chr1,165626255,165630254,4000,+,1to5kb:8404,ENST00000367884.6,4259,MGST3,hg38_genes_1to5kb
chr1,165629405,165629405,1,*,2.17723E-05,0.005769584,-33.81944444,chr1,165626258,165630257,4000,+,1to5kb:8405,ENST00000488688.1,4259,MGST3,hg38_genes_1to5kb
chr1,165629405,165629405,1,*,2.17723E-05,0.005769584,-33.81944444,chr1,165627063,165631062,4000,+,1to5kb:8406,ENST00000367883.3,4259,MGST3,hg38_genes_1to5kb
chr1,165629405,165629405,1,*,2.17723E-05,0.005769584,-33.81944444,chr1,165627240,165631239,4000,+,1to5kb:8407,ENST00000627653.1,4259,MGST3,hg38_genes_1to5kb
chr3,63449705,63449705,1,*,3.37497E-05,0.007880118,-33.35035751,chr3,63444340,63549977,105638,-,intron:303425,ENST00000488201.1,100874016,SYNPR-AS1,hg38_genes_introns
chr3,63449705,63449705,1,*,3.37497E-05,0.007880118,-33.35035751,chr3,63267450,63480831,213382,+,intron:259216,ENST00000478456.5,132204,SYNPR,hg38_genes_introns
chr3,63449705,63449705,1,*,3.37497E-05,0.007880118,-33.35035751,chr3,63278743,63480831,202089,+,intron:259219,ENST00000478300.6,132204,SYNPR,hg38_genes_introns
chr3,63449705,63449705,1,*,3.37497E-05,0.007880118,-33.35035751,chr3,63278743,63556542,277800,+,intron:259224,ENST00000450542.6,132204,SYNPR,hg38_genes_introns
chr3,63449705,63449705,1,*,3.37497E-05,0.007880118,-33.35035751,chr3,63330299,63480831,150533,+,intron:259232,ENST00000496889.5,132204,SYNPR,hg38_genes_introns
chr3,63449705,63449705,1,*,3.37497E-05,0.007880118,-33.35035751,chr3,63289500,63480831,191332,+,intron:259235,ENST00000460142.6,132204,SYNPR,hg38_genes_introns
chr3,63449705,63449705,1,*,3.37497E-05,0.007880118,-33.35035751,chr3,63351616,63480831,129216,+,intron:259237,ENST00000493532.5,132204,SYNPR,hg38_genes_introns
chr3,63449705,63449705,1,*,3.37497E-05,0.007880118,-33.35035751,chr3,63443278,63480831,37554,+,intron:259240,ENST00000467934.5,132204,SYNPR,hg38_genes_introns
chr3,63449705,63449705,1,*,3.37497E-05,0.007880118,-33.35035751,chr3,63443470,63480831,37362,+,intron:259242,ENST00000295894.9,132204,SYNPR,hg38_genes_introns
chr3,63449705,63449705,1,*,3.37497E-05,0.007880118,-33.35035751,chr3,63443470,63452072,8603,+,intron:259249,ENST00000472899.5,132204,SYNPR,hg38_genes_introns
chr3,63449705,63449705,1,*,3.37497E-05,0.007880118,-33.35035751,chr3,63445577,63480831,35255,+,intron:259263,ENST00000460711.5,132204,SYNPR,hg38_genes_introns
chr5,22516781,22516781,1,*,3.95985E-06,0.001554682,-33.15789474,chr5,22505365,22853057,347693,-,intron:421618,ENST00000504376.6,1010,CDH12,hg38_genes_introns
chr5,22516781,22516781,1,*,3.95985E-06,0.001554682,-33.15789474,chr5,22505365,22638697,133333,-,intron:421671,ENST00000520668.1,1010,CDH12,hg38_genes_introns
chr17,65932593,65932593,1,*,3.23526E-05,0.007670133,-32.89855072,chr17,65928650,65932649,4000,-,1to5kb:206705,ENST00000578971.1,201134,CEP112,hg38_genes_1to5kb
chr17,65932593,65932593,1,*,3.23526E-05,0.007670133,-32.89855072,chr17,65927690,65961462,33773,-,intron:1143066,ENST00000535342.7,201134,CEP112,hg38_genes_introns
chr17,65932593,65932593,1,*,3.23526E-05,0.007670133,-32.89855072,chr17,65927690,65941453,13764,-,intron:1143182,ENST00000584987.1,201134,CEP112,hg38_genes_introns
chr9,41000184,41000184,1,*,1.45628E-07,0.000127831,-32.45005549,chr9,40994700,41007439,12740,+,intron:636010,ENST00000690347.1,100132352,FRG1HP,hg38_genes_introns
chr9,41000184,41000184,1,*,1.45628E-07,0.000127831,-32.45005549,chr9,40994700,41011616,16917,+,intron:636017,ENST00000686028.1,100132352,FRG1HP,hg38_genes_introns
chr9,41000184,41000184,1,*,1.45628E-07,0.000127831,-32.45005549,chr9,40994700,41008880,14181,+,intron:636020,ENST00000688017.1,100132352,FRG1HP,hg38_genes_introns
chr9,41000184,41000184,1,*,1.45628E-07,0.000127831,-32.45005549,chr9,40994700,41008919,14220,+,intron:636045,ENST00000687775.1,100132352,FRG1HP,hg38_genes_introns
chr9,41000184,41000184,1,*,1.45628E-07,0.000127831,-32.45005549,chr9,40994700,41056954,62255,+,intron:636086,ENST00000686736.2,100132352,FRG1HP,hg38_genes_introns
chr1,58241165,58241165,1,*,4.14204E-06,0.001613665,-32.36215539,chr1,58150589,58343351,192763,-,intron:90577,ENST00000485760.5,1600,DAB1,hg38_genes_introns
chr7,3872206,3872206,1,*,1.11292E-05,0.003422457,-32.16180371,chr7,3821584,3950922,129339,+,intron:515065,ENST00000404826.7,221935,SDK1,hg38_genes_introns
chr7,90016611,90016611,1,*,3.13683E-05,0.007462279,-31.79045093,chr7,89882556,90209850,327295,-,intron:561089,ENST00000478318.6,100874100,STEAP2-AS1,hg38_genes_introns
chr3,189877282,189877282,1,*,3.9128E-05,0.008816575,-31.50492264,chr3,189872996,189886393,13398,+,intron:283437,ENST00000264731.8,8626,TP63,hg38_genes_introns
chr3,189877282,189877282,1,*,3.9128E-05,0.008816575,-31.50492264,chr3,189872996,189880063,7068,+,intron:283452,ENST00000418709.6,8626,TP63,hg38_genes_introns
chr12,99476265,99476265,1,*,1.05606E-05,0.003302306,-31.11178893,chr12,99443810,99504475,60666,-,intron:880608,ENST00000547776.6,56899,ANKS1B,hg38_genes_introns
chr9,9338418,9338418,1,*,3.16037E-05,0.007505405,-30.75601375,chr9,9183364,9397448,214085,-,intron:658522,ENST00000381196.9,5789,PTPRD,hg38_genes_introns
chr21,42132490,42132490,1,*,4.47736E-05,0.009794487,-30.1981472,chr21,42129798,42137438,7641,+,intron:1284409,ENST00000400427.5,89766,UMODL1,hg38_genes_introns
chr7,4085480,4085480,1,*,3.60167E-05,0.008242901,-30.10989011,chr7,4079585,4110662,31078,+,intron:515082,ENST00000404826.7,221935,SDK1,hg38_genes_introns
chr5,84045715,84045715,1,*,2.44129E-06,0.001121144,-29.9912816,chr5,83963361,84060299,96939,-,intron:429346,ENST00000296591.10,10085,EDIL3,hg38_genes_introns
chr3,140239556,140239556,1,*,1.22371E-05,0.003713727,-29.85347985,chr3,140176074,140403628,227555,+,intron:273031,ENST00000458420.7,64084,CLSTN2,hg38_genes_introns
chr21,32648842,32648842,1,*,1.20573E-06,0.000679771,-29.10714286,chr21,32646711,32650710,4000,-,1to5kb:236014,ENST00000438952.5,8867,SYNJ1,hg38_genes_1to5kb
chr21,32648842,32648842,1,*,1.20573E-06,0.000679771,-29.10714286,chr21,32646603,32650183,3581,-,intron:1290408,ENST00000357345.7,8867,SYNJ1,hg38_genes_introns
chr6,162762532,162762532,1,*,1.17885E-05,0.003609186,-29.02014339,chr6,162728392,162814146,85755,+,intron:477263,ENST00000337019.7,135138,PACRG,hg38_genes_introns
chr3,140473466,140473466,1,*,5.68304E-06,0.002079651,-28.65048957,chr3,140466732,140532323,65592,+,intron:273037,ENST00000458420.7,64084,CLSTN2,hg38_genes_introns
chr6,157917135,157917135,1,*,1.7997E-06,0.000898997,-28.33567416,chr6,157910026,157921530,11505,+,intron:475876,ENST00000680863.1,51429,SNX9,hg38_genes_introns
chr6,157917135,157917135,1,*,1.7997E-06,0.000898997,-28.33567416,chr6,157823447,157921530,98084,+,intron:476100,ENST00000680495.1,51429,SNX9,hg38_genes_introns
chr5,104166344,104166344,1,*,2.65818E-05,0.006666661,-28.31661093,chr5,104104288,104334269,229982,+,intron:402714,ENST00000662211.1,107986389,NIHCOLE,hg38_genes_introns
chr5,104166344,104166344,1,*,2.65818E-05,0.006666661,-28.31661093,chr5,104104288,104405310,301023,+,intron:402726,ENST00000666145.1,107986389,NIHCOLE,hg38_genes_introns
chr5,145515793,145515793,1,*,3.94387E-05,0.008850826,-28.22336562,chr5,145473316,145764930,291615,-,intron:440606,ENST00000510259.5,153768,PRELID2,hg38_genes_introns
chr1,209833091,209833091,1,*,2.00517E-07,0.000160883,-27.91205591,chr1,209831044,209833184,2141,+,intron:59741,ENST00000491415.7,27042,UTP25,hg38_genes_introns
chr4,104684107,104684107,1,*,3.25331E-06,0.001359054,-27.81405473,chr4,104676187,104684500,8314,+,intron:344505,ENST00000500179.1,101929468,CXXC4-AS1,hg38_genes_introns
chr4,104684107,104684107,1,*,3.25331E-06,0.001359054,-27.81405473,chr4,104646936,104727582,80647,+,intron:344513,ENST00000655215.1,101929468,CXXC4-AS1,hg38_genes_introns
chr6,338907,338907,1,*,4.20978E-05,0.009311952,-26.98412698,chr6,335164,345853,10690,+,intron:448800,ENST00000603296.5,56940,DUSP22,hg38_genes_introns
chr6,338907,338907,1,*,4.20978E-05,0.009311952,-26.98412698,chr6,292561,345853,53293,+,intron:448814,ENST00000605315.5,56940,DUSP22,hg38_genes_introns
chr6,338907,338907,1,*,4.20978E-05,0.009311952,-26.98412698,chr6,311963,345853,33891,+,intron:448818,ENST00000603881.5,56940,DUSP22,hg38_genes_introns
chr6,338907,338907,1,*,4.20978E-05,0.009311952,-26.98412698,chr6,311915,345853,33939,+,intron:448839,ENST00000603005.5,56940,DUSP22,hg38_genes_introns
chr6,338907,338907,1,*,4.20978E-05,0.009311952,-26.98412698,chr6,320365,345853,25489,+,intron:448849,ENST00000605391.5,56940,DUSP22,hg38_genes_introns
chr6,338907,338907,1,*,4.20978E-05,0.009311952,-26.98412698,chr6,326159,345853,19695,+,intron:448851,ENST00000604971.5,56940,DUSP22,hg38_genes_introns
chr6,338907,338907,1,*,4.20978E-05,0.009311952,-26.98412698,chr6,337188,345853,8666,+,intron:448854,ENST00000604914.5,56940,DUSP22,hg38_genes_introns
chr6,338907,338907,1,*,4.20978E-05,0.009311952,-26.98412698,chr6,338082,345853,7772,+,intron:448857,ENST00000604988.1,56940,DUSP22,hg38_genes_introns
chr12,59666340,59666340,1,*,8.89749E-06,0.002877581,-26.66666667,chr12,59655251,59704771,49521,+,intron:837169,ENST00000547379.6,9194,SLC16A7,hg38_genes_introns
chr12,59666340,59666340,1,*,8.89749E-06,0.002877581,-26.66666667,chr12,59655251,59704791,49541,+,intron:837174,ENST00000552432.5,9194,SLC16A7,hg38_genes_introns
chr12,59666340,59666340,1,*,8.89749E-06,0.002877581,-26.66666667,chr12,59655251,59696392,41142,+,intron:837182,ENST00000552024.5,9194,SLC16A7,hg38_genes_introns
chr12,59666340,59666340,1,*,8.89749E-06,0.002877581,-26.66666667,chr12,59664944,59704771,39828,+,intron:837187,ENST00000548610.5,9194,SLC16A7,hg38_genes_introns
chr2,186152548,186152548,1,*,1.48931E-05,0.00424136,-26.28571429,chr2,186086371,186178598,92228,-,intron:223775,ENST00000668985.1,101927217,LINC01473,hg38_genes_introns
chr2,186152548,186152548,1,*,1.48931E-05,0.00424136,-26.28571429,chr2,186086371,186215018,128648,-,intron:223783,ENST00000667839.1,101927217,LINC01473,hg38_genes_introns
chr2,186152548,186152548,1,*,1.48931E-05,0.00424136,-26.28571429,chr2,186083222,186215018,131797,-,intron:223788,ENST00000670612.1,101927217,LINC01473,hg38_genes_introns
chr2,186152548,186152548,1,*,1.48931E-05,0.00424136,-26.28571429,chr2,186118526,186215018,96493,-,intron:223804,ENST00000658990.1,101927217,LINC01473,hg38_genes_introns
chr2,186152548,186152548,1,*,1.48931E-05,0.00424136,-26.28571429,chr2,186099831,186215018,115188,-,intron:223820,ENST00000666677.1,101927217,LINC01473,hg38_genes_introns
chr2,186152548,186152548,1,*,1.48931E-05,0.00424136,-26.28571429,chr2,186083225,186215018,131794,-,intron:223825,ENST00000661574.1,101927217,LINC01473,hg38_genes_introns
chr2,186152548,186152548,1,*,1.48931E-05,0.00424136,-26.28571429,chr2,186083222,186305161,221940,-,intron:223852,ENST00000703419.1,101927217,LINC01473,hg38_genes_introns
chr2,186152548,186152548,1,*,1.48931E-05,0.00424136,-26.28571429,chr2,186086371,186422328,335958,-,intron:223875,ENST00000671599.1,101927217,LINC01473,hg38_genes_introns
chr13,57662960,57662960,1,*,2.60402E-07,0.000191087,-26.10715841,chr13,57635112,57666467,31356,+,intron:898279,ENST00000377918.8,27253,PCDH17,hg38_genes_introns
chr18,56864551,56864551,1,*,7.88691E-06,0.00263275,-25.57405281,chr18,56651577,57027003,375427,+,intron:1160604,ENST00000589935.1,23335,WDR7,hg38_genes_introns
chr18,56864551,56864551,1,*,7.88691E-06,0.00263275,-25.57405281,chr18,56816145,56879943,63799,+,intron:1160624,ENST00000254442.8,23335,WDR7,hg38_genes_introns
chr12,11037558,11037558,1,*,5.2189E-07,0.000336506,-25.27911623,chr12,11034886,11047019,12134,-,intron:858989,ENST00000381852.4,106707243,PRH1-TAS2R14,hg38_genes_introns
chr12,11037558,11037558,1,*,5.2189E-07,0.000336506,-25.27911623,chr12,11034886,11047019,12134,-,intron:858957,ENST00000536668.2,100533464,PRH1-PRR4,hg38_genes_introns
chr12,11037558,11037558,1,*,5.2189E-07,0.000336506,-25.27911623,chr12,10973722,11047019,73298,-,intron:858968,ENST00000535024.6,100533464,PRH1-PRR4,hg38_genes_introns
chr12,11037558,11037558,1,*,5.2189E-07,0.000336506,-25.27911623,chr12,10973722,11047019,73298,-,intron:858978,ENST00000539853.5,5554,PRH1,hg38_genes_introns
chr12,11037558,11037558,1,*,5.2189E-07,0.000336506,-25.27911623,chr12,11006270,11047019,40750,-,intron:858992,ENST00000541456.1,5554,PRH1,hg38_genes_introns
chr13,113232079,113232079,1,*,2.73825E-05,0.006846794,25.65155403,chr13,113229520,113233176,3657,+,intron:903390,ENST00000375441.7,8451,CUL4A,hg38_genes_introns
chr13,113232079,113232079,1,*,2.73825E-05,0.006846794,25.65155403,chr13,113229520,113233152,3633,+,intron:903409,ENST00000326335.8,8451,CUL4A,hg38_genes_introns
chr7,96562821,96562821,1,*,4.33588E-05,0.009530082,25.72463768,chr7,96506699,96694797,188099,-,intron:563670,ENST00000466986.5,7979,SEM1,hg38_genes_introns
chr7,96562821,96562821,1,*,4.33588E-05,0.009530082,25.72463768,chr7,96506699,96656456,149758,-,intron:563674,ENST00000617133.4,7979,SEM1,hg38_genes_introns
chr7,96562821,96562821,1,*,4.33588E-05,0.009530082,25.72463768,chr7,96558257,96694797,136541,-,intron:563679,ENST00000618105.4,7979,SEM1,hg38_genes_introns
chr7,96562821,96562821,1,*,4.33588E-05,0.009530082,25.72463768,chr7,96558257,96637239,78983,-,intron:563687,ENST00000613919.4,7979,SEM1,hg38_genes_introns
chr3,140348367,140348367,1,*,3.2655E-05,0.007716884,25.76104746,chr3,140176074,140403628,227555,+,intron:273031,ENST00000458420.7,64084,CLSTN2,hg38_genes_introns
chr15,20407798,20407798,1,*,1.39345E-06,0.00075492,25.82038402,chr15,20383457,20431092,47636,-,intron:988619,ENST00000426501.5,283755,HERC2P3,hg38_genes_introns
chr9,41111710,41111710,1,*,8.00304E-06,0.002655389,25.82644628,chr9,41110435,41114434,4000,-,1to5kb:119066,ENST00000619971.2,440896,LINC03025,hg38_genes_1to5kb
chr9,41111710,41111710,1,*,8.00304E-06,0.002655389,25.82644628,chr9,41108918,41112917,4000,-,1to5kb:119068,ENST00000653478.1,440896,LINC03025,hg38_genes_1to5kb
chr9,41111710,41111710,1,*,8.00304E-06,0.002655389,25.82644628,chr9,41106389,41119494,13106,-,intron:663905,ENST00000655709.1,440896,LINC03025,hg38_genes_introns
chr9,41111710,41111710,1,*,8.00304E-06,0.002655389,25.82644628,chr9,41011731,41195100,183370,+,intron:636148,ENST00000617940.2,100132352,FRG1HP,hg38_genes_introns
chr16,14976561,14976561,1,*,3.9159E-05,0.008816575,25.90160517,chr16,14975763,14976762,1000,+,promoter:183936,ENST00000567306.5,23042,PDXDC1,hg38_genes_promoters
chr16,14976561,14976561,1,*,3.9159E-05,0.008816575,25.90160517,chr16,14974805,14997752,22948,+,intron:1022967,ENST00000563679.5,23042,PDXDC1,hg38_genes_introns
chr16,14976561,14976561,1,*,3.9159E-05,0.008816575,25.90160517,chr16,14974974,14997752,22779,+,intron:1022990,ENST00000563667.5,23042,PDXDC1,hg38_genes_introns
chr16,14976561,14976561,1,*,3.9159E-05,0.008816575,25.90160517,chr16,14975221,14997752,22532,+,intron:1023000,ENST00000535621.6,23042,PDXDC1,hg38_genes_introns
chr16,14976561,14976561,1,*,3.9159E-05,0.008816575,25.90160517,chr16,14975221,14997756,22536,+,intron:1023038,ENST00000566426.1,23042,PDXDC1,hg38_genes_introns
chr12,24150473,24150473,1,*,2.01829E-05,0.005456517,26.36591479,chr12,23896025,24213342,317318,-,intron:861114,ENST00000646273.1,6660,SOX5,hg38_genes_introns
chr12,24150473,24150473,1,*,2.01829E-05,0.005456517,26.36591479,chr12,24059297,24213342,154046,-,intron:861170,ENST00000659413.1,6660,SOX5,hg38_genes_introns
chr18,65423336,65423336,1,*,7.46235E-06,0.002536673,26.65025389,chr18,65422958,65423957,1000,+,promoter:210583,ENST00000582028.2,107985128,LINC01916,hg38_genes_promoters
chr4,109152661,109152661,1,*,2.44949E-05,0.006304614,26.71497585,chr4,109050180,109300582,250403,-,intron:375709,ENST00000399132.6,84570,COL25A1,hg38_genes_introns
chr6,97959062,97959062,1,*,1.10939E-05,0.003422457,26.94910268,chr6,97828207,97969405,141199,+,intron:467604,ENST00000669069.1,101927314,LOC101927314,hg38_genes_introns
chr6,97959062,97959062,1,*,1.10939E-05,0.003422457,26.94910268,chr6,97828207,97998858,170652,+,intron:467693,ENST00000653817.1,101927314,LOC101927314,hg38_genes_introns
chr8,74456068,74456068,1,*,2.02501E-07,0.000161409,27.05206004,chr8,74451030,74492051,41022,+,intron:595160,ENST00000674710.1,54332,GDAP1,hg38_genes_introns
chr8,74456068,74456068,1,*,2.02501E-07,0.000161409,27.05206004,chr8,74351322,74488677,137356,+,intron:595211,ENST00000523640.2,54332,GDAP1,hg38_genes_introns
chr8,74456068,74456068,1,*,2.02501E-07,0.000161409,27.05206004,chr8,74363054,74488677,125624,+,intron:595214,ENST00000524195.2,54332,GDAP1,hg38_genes_introns
chr8,74456068,74456068,1,*,2.02501E-07,0.000161409,27.05206004,chr8,74363054,74494159,131106,+,intron:595219,ENST00000675560.1,54332,GDAP1,hg38_genes_introns
chr8,74456068,74456068,1,*,2.02501E-07,0.000161409,27.05206004,chr8,74438744,74500512,61769,+,intron:595258,ENST00000674756.1,54332,GDAP1,hg38_genes_introns
chr2,186083074,186083074,1,*,3.50756E-06,0.001430787,27.08333333,chr2,186081417,186083153,1737,-,intron:223768,ENST00000668977.1,101927217,LINC01473,hg38_genes_introns
chr9,62807986,62807986,1,*,9.65178E-07,0.000557934,27.11736617,chr9,62804141,62809767,5627,+,intron:636433,ENST00000427509.5,103352539,LINC01410,hg38_genes_introns
chr9,62807986,62807986,1,*,9.65178E-07,0.000557934,27.11736617,chr9,62804141,62811510,7370,+,intron:636445,ENST00000659835.1,103352539,LINC01410,hg38_genes_introns
chr9,62807986,62807986,1,*,9.65178E-07,0.000557934,27.11736617,chr9,62804141,62811399,7259,+,intron:636452,ENST00000660304.1,103352539,LINC01410,hg38_genes_introns
chr10,15847373,15847373,1,*,1.46125E-05,0.004195928,27.35305931,chr10,15843273,15847863,4591,-,intron:712778,ENST00000477891.1,80013,MINDY3,hg38_genes_introns
chr3,99515587,99515587,1,*,4.01043E-05,0.00897115,27.64912281,chr3,99507587,99527048,19462,-,intron:306493,ENST00000484675.1,105374005,LOC105374005,hg38_genes_introns
chr2,23196568,23196568,1,*,1.91333E-05,0.005213394,27.68033946,chr2,23166964,23198808,31845,-,intron:185927,ENST00000669447.1,107985792,LOC107985792,hg38_genes_introns
chr2,23196568,23196568,1,*,1.91333E-05,0.005213394,27.68033946,chr2,23090849,23198808,107960,-,intron:185930,ENST00000440785.1,107985792,LOC107985792,hg38_genes_introns
chr17,40753093,40753093,1,*,3.12229E-05,0.007440463,27.72495756,chr17,40751327,40753859,2533,-,intron:1130023,ENST00000312150.5,147183,KRT25,hg38_genes_introns
chr11,94798526,94798526,1,*,2.26221E-05,0.005919791,27.73584906,chr11,94795161,94799389,4229,+,intron:765311,ENST00000299004.13,154810,AMOTL1,hg38_genes_introns
chr11,94798526,94798526,1,*,2.26221E-05,0.005919791,27.73584906,chr11,94768561,94799389,30829,+,intron:765312,ENST00000317829.12,154810,AMOTL1,hg38_genes_introns
chr2,91599217,91599217,1,*,9.90924E-06,0.003152122,28.13863766,chr2,91587154,91655367,68214,-,intron:204344,ENST00000692025.2,654342,LSP1P4,hg38_genes_introns
chr2,91599217,91599217,1,*,9.90924E-06,0.003152122,28.13863766,chr2,91587154,91654919,67766,-,intron:204346,ENST00000423774.4,654342,LSP1P4,hg38_genes_introns
chr21,10587952,10587952,1,*,5.43361E-06,0.001999538,28.19975672,chr21,10578606,10590461,11856,+,intron:1278479,ENST00000612267.1,7179,TPTE,hg38_genes_introns
chr13,113436201,113436201,1,*,2.78163E-07,0.000200931,28.22299652,chr13,113433868,113444424,10557,-,intron:914992,ENST00000612156.3,113622,ADPRHL1,hg38_genes_introns
chr9,10716,10716,1,*,1.72692E-06,0.000874121,28.36401348,chr9,7134,11133,4000,+,1to5kb:113312,ENST00000421620.2,100287596,DDX11L5,hg38_genes_1to5kb
chr14,29742669,29742669,1,*,2.07419E-06,0.000975162,28.3887468,chr14,29725675,29927248,201574,-,intron:949557,ENST00000331968.11,5587,PRKD1,hg38_genes_introns
chr14,29742669,29742669,1,*,2.07419E-06,0.000975162,28.3887468,chr14,29725675,29771416,45742,-,intron:949574,ENST00000616995.5,5587,PRKD1,hg38_genes_introns
chr14,29742669,29742669,1,*,2.07419E-06,0.000975162,28.3887468,chr14,29725675,30047709,322035,-,intron:949653,ENST00000549503.1,5587,PRKD1,hg38_genes_introns
chr12,16372381,16372381,1,*,9.01318E-07,0.000527964,28.66798085,chr12,16357700,16383506,25807,+,intron:823713,ENST00000539036.5,4257,MGST1,hg38_genes_introns
chr12,16372381,16372381,1,*,9.01318E-07,0.000527964,28.66798085,chr12,16357700,16376121,18422,+,intron:823725,ENST00000535309.5,4257,MGST1,hg38_genes_introns
chr12,16372381,16372381,1,*,9.01318E-07,0.000527964,28.66798085,chr12,16367466,16383506,16041,+,intron:823740,ENST00000538857.1,4257,MGST1,hg38_genes_introns
chr4,165370137,165370137,1,*,7.61006E-06,0.002568048,29.05790838,chr4,165361312,165464389,103078,+,intron:357287,ENST00000513982.5,1363,CPE,hg38_genes_introns
chr4,126643981,126643981,1,*,1.65402E-05,0.004652083,29.33014354,chr4,126465143,126698264,233122,-,intron:377810,ENST00000661809.1,105377411,LOC105377411,hg38_genes_introns
chr7,33620412,33620412,1,*,4.37043E-09,8.41863E-06,29.4246816,chr7,33604976,33635176,30201,+,intron:520096,ENST00000673056.1,27241,BBS9,hg38_genes_introns
chr7,33620412,33620412,1,*,4.37043E-09,8.41863E-06,29.4246816,chr7,33534177,33635176,101000,+,intron:520117,ENST00000671952.1,27241,BBS9,hg38_genes_introns
chr7,33620412,33620412,1,*,4.37043E-09,8.41863E-06,29.4246816,chr7,33605733,33781757,176025,+,intron:520149,ENST00000672453.1,27241,BBS9,hg38_genes_introns
chr7,33620412,33620412,1,*,4.37043E-09,8.41863E-06,29.4246816,chr7,33604976,33637763,32788,+,intron:520174,ENST00000672758.1,27241,BBS9,hg38_genes_introns
chr6,162211130,162211130,1,*,3.85007E-05,0.008741017,29.52311613,chr6,162201253,162262524,61272,-,intron:512206,ENST00000366898.6,5071,PRKN,hg38_genes_introns
chr6,162211130,162211130,1,*,3.85007E-05,0.008741017,29.52311613,chr6,161973418,162443309,469892,-,intron:512241,ENST00000366896.5,5071,PRKN,hg38_genes_introns
chr6,162211130,162211130,1,*,3.85007E-05,0.008741017,29.52311613,chr6,162054175,162262524,208350,-,intron:512264,ENST00000338468.8,5071,PRKN,hg38_genes_introns
chr6,162211130,162211130,1,*,3.85007E-05,0.008741017,29.52311613,chr6,162201253,162443309,242057,-,intron:512275,ENST00000366894.6,5071,PRKN,hg38_genes_introns
chr21,16072297,16072297,1,*,3.41969E-05,0.00792065,29.54166667,chr21,16069035,16073034,4000,+,1to5kb:233887,ENST00000697820.1,388815,MIR99AHG,hg38_genes_1to5kb
chr21,16072297,16072297,1,*,3.41969E-05,0.00792065,29.54166667,chr21,16071399,16181590,110192,+,intron:1278938,ENST00000635845.2,388815,MIR99AHG,hg38_genes_introns
chr21,16072297,16072297,1,*,3.41969E-05,0.00792065,29.54166667,chr21,16071399,16107505,36107,+,intron:1279089,ENST00000697974.1,388815,MIR99AHG,hg38_genes_introns
chr21,16072297,16072297,1,*,3.41969E-05,0.00792065,29.54166667,chr21,16071399,16072962,1564,+,intron:1279172,ENST00000653809.2,388815,MIR99AHG,hg38_genes_introns
chr21,16072297,16072297,1,*,3.41969E-05,0.00792065,29.54166667,chr21,16071399,16073233,1835,+,intron:1279187,ENST00000656690.1,388815,MIR99AHG,hg38_genes_introns
chr21,16072297,16072297,1,*,3.41969E-05,0.00792065,29.54166667,chr21,16071399,16231055,159657,+,intron:1279190,ENST00000698050.1,388815,MIR99AHG,hg38_genes_introns
chr21,16072297,16072297,1,*,3.41969E-05,0.00792065,29.54166667,chr21,16071399,16181600,110202,+,intron:1279193,ENST00000698162.1,388815,MIR99AHG,hg38_genes_introns
chr10,98900544,98900544,1,*,2.53833E-05,0.006444803,29.54545455,chr10,98744057,99144237,400181,-,intron:730824,ENST00000370552.8,60495,HPSE2,hg38_genes_introns
chr10,98900544,98900544,1,*,2.53833E-05,0.006444803,29.54545455,chr10,98721829,99144237,422409,-,intron:730834,ENST00000370549.5,60495,HPSE2,hg38_genes_introns
chr10,98900544,98900544,1,*,2.53833E-05,0.006444803,29.54545455,chr10,98721829,99232347,510519,-,intron:730844,ENST00000628193.2,60495,HPSE2,hg38_genes_introns
chr4,99646288,99646288,1,*,4.59696E-05,0.009973683,29.59486166,chr4,99641197,99649230,8034,-,intron:373871,ENST00000511828.2,285556,C4orf54,hg38_genes_introns
chr21,16085441,16085441,1,*,8.20869E-06,0.002710654,29.76190476,chr21,16071399,16181590,110192,+,intron:1278938,ENST00000635845.2,388815,MIR99AHG,hg38_genes_introns
chr21,16085441,16085441,1,*,8.20869E-06,0.002710654,29.76190476,chr21,16071399,16107505,36107,+,intron:1279089,ENST00000697974.1,388815,MIR99AHG,hg38_genes_introns
chr21,16085441,16085441,1,*,8.20869E-06,0.002710654,29.76190476,chr21,16071399,16231055,159657,+,intron:1279190,ENST00000698050.1,388815,MIR99AHG,hg38_genes_introns
chr21,16085441,16085441,1,*,8.20869E-06,0.002710654,29.76190476,chr21,16071399,16181600,110202,+,intron:1279193,ENST00000698162.1,388815,MIR99AHG,hg38_genes_introns
chr21,16085441,16085441,1,*,8.20869E-06,0.002710654,29.76190476,chr21,16074228,16181590,107363,+,intron:1279406,ENST00000697820.1,388815,MIR99AHG,hg38_genes_introns
chr7,51713159,51713159,1,*,4.11746E-05,0.009151536,29.9471043,chr7,51711061,51728868,17808,+,intron:522959,ENST00000648455.1,105375278,LOC105375278,hg38_genes_introns
chr2,40468451,40468451,1,*,3.13163E-06,0.001324176,30.07326007,chr2,40430302,40512348,82047,-,intron:190672,ENST00000403092.5,6546,SLC8A1,hg38_genes_introns
chr2,40468451,40468451,1,*,3.13163E-06,0.001324176,30.07326007,chr2,40430305,40512348,82044,-,intron:190687,ENST00000402441.5,6546,SLC8A1,hg38_genes_introns
chr2,40468451,40468451,1,*,3.13163E-06,0.001324176,30.07326007,chr2,40430305,40610929,180625,-,intron:190694,ENST00000405269.5,6546,SLC8A1,hg38_genes_introns
chr2,40468451,40468451,1,*,3.13163E-06,0.001324176,30.07326007,chr2,40453350,40512348,58999,-,intron:190711,ENST00000448531.1,6546,SLC8A1,hg38_genes_introns
chr7,144237542,144237542,1,*,8.1152E-07,0.000480986,30.20249618,chr7,144232848,144238431,5584,-,intron:576932,ENST00000641810.1,402317,OR2A42,hg38_genes_introns
chr7,144237542,144237542,1,*,8.1152E-07,0.000480986,30.20249618,chr7,144207805,144239039,31235,+,intron:543018,ENST00000498693.5,101928605,ARHGEF35-AS1,hg38_genes_introns
chr7,144237542,144237542,1,*,8.1152E-07,0.000480986,30.20249618,chr7,144207805,144280471,72667,+,intron:543021,ENST00000460955.5,101928605,ARHGEF35-AS1,hg38_genes_introns
chr7,144237542,144237542,1,*,8.1152E-07,0.000480986,30.20249618,chr7,144207805,144239042,31238,+,intron:543024,ENST00000464929.5,101928605,ARHGEF35-AS1,hg38_genes_introns
chr7,144237542,144237542,1,*,8.1152E-07,0.000480986,30.20249618,chr7,144207805,144250439,42635,+,intron:543039,ENST00000663681.1,101928605,ARHGEF35-AS1,hg38_genes_introns
chr7,144237542,144237542,1,*,8.1152E-07,0.000480986,30.20249618,chr7,144215913,144239042,23130,+,intron:543044,ENST00000489077.1,101928605,ARHGEF35-AS1,hg38_genes_introns
chr10,63542994,63542994,1,*,2.76656E-06,0.001221968,30.47115056,chr10,63521578,63566337,44760,+,intron:691063,ENST00000373758.5,221035,REEP3,hg38_genes_introns
chr18,2079562,2079562,1,*,5.48196E-07,0.000348762,30.62558357,chr18,1906647,2239792,333146,-,intron:1164273,ENST00000584867.1,105371958,LOC105371958,hg38_genes_introns
chr18,2079562,2079562,1,*,5.48196E-07,0.000348762,30.62558357,chr18,2035148,2111643,76496,-,intron:1164276,ENST00000670529.1,105371956,LOC105371956,hg38_genes_introns
chr18,2079562,2079562,1,*,5.48196E-07,0.000348762,30.62558357,chr18,2035148,2126199,91052,-,intron:1164283,ENST00000671104.1,105371956,LOC105371956,hg38_genes_introns
chr18,2079562,2079562,1,*,5.48196E-07,0.000348762,30.62558357,chr18,2060065,2111643,51579,-,intron:1164288,ENST00000582086.2,105371956,LOC105371956,hg38_genes_introns
chr18,2079562,2079562,1,*,5.48196E-07,0.000348762,30.62558357,chr18,2047341,2126199,78859,-,intron:1164292,ENST00000639316.2,105371956,LOC105371956,hg38_genes_introns
chr4,44632440,44632440,1,*,4.59776E-06,0.001756664,30.77326343,chr4,44630549,44634548,4000,-,1to5kb:63459,ENST00000684735.1,285525,YIPF7,hg38_genes_1to5kb
chr4,44632440,44632440,1,*,4.59776E-06,0.001756664,30.77326343,chr4,44629549,44635921,6373,-,intron:364943,ENST00000415895.9,285525,YIPF7,hg38_genes_introns
chr4,44632440,44632440,1,*,4.59776E-06,0.001756664,30.77326343,chr4,44629549,44635897,6349,-,intron:364948,ENST00000682193.1,285525,YIPF7,hg38_genes_introns
chr4,44632440,44632440,1,*,4.59776E-06,0.001756664,30.77326343,chr4,44629549,44649984,20436,-,intron:364952,ENST00000502794.1,285525,YIPF7,hg38_genes_introns
chr4,44632440,44632440,1,*,4.59776E-06,0.001756664,30.77326343,chr4,44629549,44635334,5786,-,intron:364954,ENST00000682988.1,285525,YIPF7,hg38_genes_introns
chr2,77843581,77843581,1,*,6.68038E-06,0.002327918,30.96903097,chr2,77839891,77874979,35089,-,intron:202497,ENST00000667782.1,101927967,LOC101927967,hg38_genes_introns
chr18,2079539,2079539,1,*,3.55713E-06,0.001442525,31.10516934,chr18,1906647,2239792,333146,-,intron:1164273,ENST00000584867.1,105371958,LOC105371958,hg38_genes_introns
chr18,2079539,2079539,1,*,3.55713E-06,0.001442525,31.10516934,chr18,2035148,2111643,76496,-,intron:1164276,ENST00000670529.1,105371956,LOC105371956,hg38_genes_introns
chr18,2079539,2079539,1,*,3.55713E-06,0.001442525,31.10516934,chr18,2035148,2126199,91052,-,intron:1164283,ENST00000671104.1,105371956,LOC105371956,hg38_genes_introns
chr18,2079539,2079539,1,*,3.55713E-06,0.001442525,31.10516934,chr18,2060065,2111643,51579,-,intron:1164288,ENST00000582086.2,105371956,LOC105371956,hg38_genes_introns
chr18,2079539,2079539,1,*,3.55713E-06,0.001442525,31.10516934,chr18,2047341,2126199,78859,-,intron:1164292,ENST00000639316.2,105371956,LOC105371956,hg38_genes_introns
chr6,39599949,39599949,1,*,3.38638E-05,0.007890587,31.11111111,chr6,39597261,39601260,4000,-,1to5kb:87032,ENST00000441975.2,221458,KIF6,hg38_genes_1to5kb
chr6,39599949,39599949,1,*,3.38638E-05,0.007890587,31.11111111,chr6,39596261,39613188,16928,-,intron:487734,ENST00000458470.5,221458,KIF6,hg38_genes_introns
chr8,115657294,115657294,1,*,1.01826E-05,0.003202354,31.24691358,chr8,115620061,115667873,47813,-,intron:621442,ENST00000640765.1,7227,TRPS1,hg38_genes_introns
chr8,115657294,115657294,1,*,1.01826E-05,0.003202354,31.24691358,chr8,115623759,115668544,44786,-,intron:621448,ENST00000395715.8,7227,TRPS1,hg38_genes_introns
chr8,115657294,115657294,1,*,1.01826E-05,0.003202354,31.24691358,chr8,115620061,115668544,48484,-,intron:621453,ENST00000220888.9,7227,TRPS1,hg38_genes_introns
chr8,115657294,115657294,1,*,1.01826E-05,0.003202354,31.24691358,chr8,115623759,115661569,37811,-,intron:621476,ENST00000395713.6,7227,TRPS1,hg38_genes_introns
chr8,115657294,115657294,1,*,1.01826E-05,0.003202354,31.24691358,chr8,115623759,115669344,45586,-,intron:621478,ENST00000519815.5,7227,TRPS1,hg38_genes_introns
chr8,115657294,115657294,1,*,1.01826E-05,0.003202354,31.24691358,chr8,115637331,115700935,63605,-,intron:621481,ENST00000422939.1,7227,TRPS1,hg38_genes_introns
chr8,115657294,115657294,1,*,1.01826E-05,0.003202354,31.24691358,chr8,115623759,115667873,44115,-,intron:621483,ENST00000451156.1,7227,TRPS1,hg38_genes_introns
chr5,104111659,104111659,1,*,2.47362E-05,0.006329696,31.26656068,chr5,104104288,104334269,229982,+,intron:402714,ENST00000662211.1,107986389,NIHCOLE,hg38_genes_introns
chr5,104111659,104111659,1,*,2.47362E-05,0.006329696,31.26656068,chr5,104104288,104405310,301023,+,intron:402726,ENST00000666145.1,107986389,NIHCOLE,hg38_genes_introns
chr4,121076802,121076802,1,*,1.14683E-07,0.000104003,31.49499583,chr4,121073865,121080122,6258,+,intron:350392,ENST00000507782.1,105377400,NDNF-AS1,hg38_genes_introns
chr4,121076802,121076802,1,*,1.14683E-07,0.000104003,31.49499583,chr4,121073536,121077535,4000,-,1to5kb:65583,ENST00000379692.9,79625,NDNF,hg38_genes_1to5kb
chr4,121076802,121076802,1,*,1.14683E-07,0.000104003,31.49499583,chr4,121074022,121078021,4000,-,1to5kb:65585,ENST00000515757.5,79625,NDNF,hg38_genes_1to5kb
chr4,121076802,121076802,1,*,1.14683E-07,0.000104003,31.49499583,chr4,121073002,121077001,4000,-,1to5kb:65586,ENST00000511408.1,79625,NDNF,hg38_genes_1to5kb
chr2,212162569,212162569,1,*,6.45882E-07,0.000401696,31.61764706,chr2,212124904,212538448,413545,-,intron:230068,ENST00000342788.9,2066,ERBB4,hg38_genes_introns
chr2,212162569,212162569,1,*,6.45882E-07,0.000401696,31.61764706,chr2,212124904,212429158,304255,-,intron:230141,ENST00000435846.1,2066,ERBB4,hg38_genes_introns
chr6,142816489,142816489,1,*,2.47165E-05,0.006329696,31.6262354,chr6,142776192,142836934,60743,-,intron:508843,ENST00000012134.7,3097,HIVEP2,hg38_genes_introns
chr6,142816489,142816489,1,*,2.47165E-05,0.006329696,31.6262354,chr6,142783616,142836934,53319,-,intron:508852,ENST00000367603.8,3097,HIVEP2,hg38_genes_introns
chr4,61904777,61904777,1,*,3.60927E-06,0.001450942,31.75381264,chr4,61895835,61909559,13725,+,intron:339116,ENST00000683033.1,23284,ADGRL3,hg38_genes_introns
chr9,13619272,13619272,1,*,2.86076E-06,0.001255577,31.96078431,chr9,13553325,13836312,282988,+,intron:632000,ENST00000664438.1,105375977,LOC105375977,hg38_genes_introns
chr18,7997051,7997051,1,*,4.10042E-05,0.009142973,32.11025922,chr18,7955415,8069685,114271,+,intron:1153607,ENST00000332175.12,5797,PTPRM,hg38_genes_introns
chr7,117660206,117660206,1,*,2.54184E-05,0.006444803,32.12328767,chr7,117652932,117664687,11756,+,intron:537641,ENST00000699598.1,1080,CFTR,hg38_genes_introns
chr5,143316054,143316054,1,*,1.34754E-05,0.003976419,32.15355805,chr5,143314169,143399655,85487,-,intron:440491,ENST00000343796.6,2908,NR3C1,hg38_genes_introns
chr5,143316054,143316054,1,*,1.34754E-05,0.003976419,32.15355805,chr5,143314169,143389877,75709,-,intron:440560,ENST00000504336.1,2908,NR3C1,hg38_genes_introns
chr3,76627766,76627766,1,*,7.9318E-06,0.002638062,32.20058997,chr3,75937603,77098013,1160411,+,intron:260388,ENST00000487694.7,6092,ROBO2,hg38_genes_introns
chr3,76627766,76627766,1,*,7.9318E-06,0.002638062,32.20058997,chr3,76311418,77098013,786596,+,intron:260520,ENST00000475334.2,6092,ROBO2,hg38_genes_introns
chr15,27164848,27164848,1,*,7.89685E-06,0.00263275,32.28908189,chr15,27162255,27166254,4000,-,1to5kb:178120,ENST00000660679.1,101928869,GABRG3-AS1,hg38_genes_1to5kb
chr15,27164848,27164848,1,*,7.89685E-06,0.00263275,32.28908189,chr15,27162320,27166319,4000,-,1to5kb:178121,ENST00000439938.2,101928869,GABRG3-AS1,hg38_genes_1to5kb
chr15,27164848,27164848,1,*,7.89685E-06,0.00263275,32.28908189,chr15,27162270,27166269,4000,-,1to5kb:178122,ENST00000663358.1,101928869,GABRG3-AS1,hg38_genes_1to5kb
chr15,27164848,27164848,1,*,7.89685E-06,0.00263275,32.28908189,chr15,27162224,27166223,4000,-,1to5kb:178123,ENST00000657653.1,101928869,GABRG3-AS1,hg38_genes_1to5kb
chr15,27164848,27164848,1,*,7.89685E-06,0.00263275,32.28908189,chr15,27026822,27326808,299987,+,intron:968041,ENST00000615808.5,2567,GABRG3,hg38_genes_introns
chr7,117065800,117065800,1,*,4.51542E-05,0.009846701,32.44134897,chr7,116955154,117098612,143459,+,intron:537418,ENST00000471110.5,338069,ST7-OT4,hg38_genes_introns
chr7,117065800,117065800,1,*,4.51542E-05,0.009846701,32.44134897,chr7,116953692,117099761,146070,+,intron:537309,ENST00000393446.6,7982,ST7,hg38_genes_introns
chr7,117065800,117065800,1,*,4.51542E-05,0.009846701,32.44134897,chr7,116953692,117119560,165869,+,intron:537351,ENST00000438863.5,7982,ST7,hg38_genes_introns
chr7,117065800,117065800,1,*,4.51542E-05,0.009846701,32.44134897,chr7,116953692,117170861,217170,+,intron:537372,ENST00000443979.5,7982,ST7,hg38_genes_introns
chr7,117065800,117065800,1,*,4.51542E-05,0.009846701,32.44134897,chr7,116953692,117098612,144921,+,intron:537393,ENST00000417919.5,7982,ST7,hg38_genes_introns
chr7,117065800,117065800,1,*,4.51542E-05,0.009846701,32.44134897,chr7,116954680,117099761,145082,+,intron:537415,ENST00000421345.5,7982,ST7,hg38_genes_introns
chr7,117065800,117065800,1,*,4.51542E-05,0.009846701,32.44134897,chr7,117015015,117099761,84747,+,intron:537424,ENST00000422922.5,7982,ST7,hg38_genes_introns
chr7,117065800,117065800,1,*,4.51542E-05,0.009846701,32.44134897,chr7,117015015,117098612,83598,+,intron:537453,ENST00000449366.5,7982,ST7,hg38_genes_introns
chr7,117065800,117065800,1,*,4.51542E-05,0.009846701,32.44134897,chr7,117020630,117099761,79132,+,intron:537457,ENST00000487459.5,7982,ST7,hg38_genes_introns
chr7,117065800,117065800,1,*,4.51542E-05,0.009846701,32.44134897,chr7,117020630,117090748,70119,+,intron:537469,ENST00000434836.5,7982,ST7,hg38_genes_introns
chr7,117065800,117065800,1,*,4.51542E-05,0.009846701,32.44134897,chr7,117020630,117098612,77983,+,intron:537474,ENST00000393443.5,7982,ST7,hg38_genes_introns
chr7,117065800,117065800,1,*,4.51542E-05,0.009846701,32.44134897,chr7,117023000,117099761,76762,+,intron:537496,ENST00000477742.5,7982,ST7,hg38_genes_introns
chr16,71156193,71156193,1,*,2.0893E-05,0.00558318,32.57575758,chr16,71153892,71157891,4000,-,1to5kb:192797,ENST00000536785.1,54768,HYDIN,hg38_genes_1to5kb
chr16,71156193,71156193,1,*,2.0893E-05,0.00558318,32.57575758,chr16,71152784,71162530,9747,-,intron:1068874,ENST00000393567.7,54768,HYDIN,hg38_genes_introns
chr16,71156193,71156193,1,*,2.0893E-05,0.00558318,32.57575758,chr16,71152784,71175606,22823,-,intron:1068968,ENST00000539447.5,54768,HYDIN,hg38_genes_introns
chr8,58616770,58616770,1,*,2.23589E-05,0.005895398,32.60254597,chr8,58609734,58623219,13486,-,intron:613795,ENST00000038176.8,8439,NSMAF,hg38_genes_introns
chr3,81558336,81558336,1,*,2.03412E-05,0.005469067,32.80632411,chr3,81537096,81577924,40829,-,intron:305875,ENST00000429644.7,2632,GBE1,hg38_genes_introns
chr8,60097706,60097706,1,*,6.56145E-06,0.002292233,33.01125245,chr8,60074724,60136223,61500,+,intron:592132,ENST00000655977.1,105375861,LOC105375861,hg38_genes_introns
chr8,60097706,60097706,1,*,6.56145E-06,0.002292233,33.01125245,chr8,60074724,60106005,31282,+,intron:592146,ENST00000658208.1,105375861,LOC105375861,hg38_genes_introns
chr8,60097706,60097706,1,*,6.56145E-06,0.002292233,33.01125245,chr8,60074724,60132873,58150,+,intron:592149,ENST00000665744.1,105375861,LOC105375861,hg38_genes_introns
chr4,86028395,86028395,1,*,1.47331E-07,0.000128513,33.14393939,chr4,86026436,86029274,2839,-,exon:437146,ENST00000641485.1,5602,MAPK10,hg38_genes_exons
chr4,86028395,86028395,1,*,1.47331E-07,0.000128513,33.14393939,chr4,86026509,86029274,2766,-,exon:437159,ENST00000641864.1,5602,MAPK10,hg38_genes_exons
chr4,86028395,86028395,1,*,1.47331E-07,0.000128513,33.14393939,chr4,86017371,86029196,11826,-,intron:370941,ENST00000641010.1,5602,MAPK10,hg38_genes_introns
chr4,86028395,86028395,1,*,1.47331E-07,0.000128513,33.14393939,chr4,86017376,86029196,11821,-,intron:371010,ENST00000642060.1,5602,MAPK10,hg38_genes_introns
chr4,86028395,86028395,1,*,1.47331E-07,0.000128513,33.14393939,chr4,86017376,86031367,13992,-,intron:371486,ENST00000641881.1,5602,MAPK10,hg38_genes_introns
chr4,86028395,86028395,1,*,1.47331E-07,0.000128513,33.14393939,chr4,86020866,86029196,8331,-,intron:372465,ENST00000641858.1,5602,MAPK10,hg38_genes_introns
chr4,86028395,86028395,1,*,1.47331E-07,0.000128513,33.14393939,chr4,86025573,86029196,3624,-,intron:372467,ENST00000641954.1,5602,MAPK10,hg38_genes_introns
chr4,86028395,86028395,1,*,1.47331E-07,0.000128513,33.14393939,chr4,86026436,86029179,2744,-,3UTR:52574,ENST00000641485.1,5602,MAPK10,hg38_genes_3UTRs
chr4,86028395,86028395,1,*,1.47331E-07,0.000128513,33.14393939,chr4,86026509,86029179,2671,-,3UTR:52575,ENST00000641864.1,5602,MAPK10,hg38_genes_3UTRs
chr9,79976435,79976435,1,*,1.07823E-05,0.003360476,33.17099567,chr9,79975832,79989956,14125,+,intron:639533,ENST00000622930.1,101927477,LINC01507,hg38_genes_introns
chr3,38887933,38887933,1,*,4.33273E-05,0.009530082,33.22632424,chr3,38886239,38894532,8294,-,intron:293057,ENST00000302328.9,11280,SCN11A,hg38_genes_introns
chr3,38887933,38887933,1,*,4.33273E-05,0.009530082,33.22632424,chr3,38885403,38894532,9130,-,intron:293117,ENST00000456224.7,11280,SCN11A,hg38_genes_introns
chr3,38887933,38887933,1,*,4.33273E-05,0.009530082,33.22632424,chr3,38886239,38892085,5847,-,intron:293168,ENST00000675672.1,11280,SCN11A,hg38_genes_introns
chr8,136659212,136659212,1,*,1.12826E-09,3.06824E-06,33.33333333,chr8,136537060,136758150,221091,+,intron:603413,ENST00000650445.2,107986980,LINC02055,hg38_genes_introns
chr8,136659212,136659212,1,*,1.12826E-09,3.06824E-06,33.33333333,chr8,136537060,136731318,194259,+,intron:603418,ENST00000650470.1,107986980,LINC02055,hg38_genes_introns
chr8,136659212,136659212,1,*,1.12826E-09,3.06824E-06,33.33333333,chr8,136537060,136759242,222183,+,intron:603441,ENST00000658944.1,107986980,LINC02055,hg38_genes_introns
chr8,136659212,136659212,1,*,1.12826E-09,3.06824E-06,33.33333333,chr8,136537060,136789834,252775,+,intron:603445,ENST00000524346.6,107986980,LINC02055,hg38_genes_introns
chr8,136659212,136659212,1,*,1.12826E-09,3.06824E-06,33.33333333,chr8,136563241,136731318,168078,+,intron:603459,ENST00000662546.1,107986980,LINC02055,hg38_genes_introns
chr8,136659212,136659212,1,*,1.12826E-09,3.06824E-06,33.33333333,chr8,136537060,136755716,218657,+,intron:603471,ENST00000655492.1,107986980,LINC02055,hg38_genes_introns
chr8,136659212,136659212,1,*,1.12826E-09,3.06824E-06,33.33333333,chr8,136646048,136731318,85271,+,intron:603474,ENST00000664755.1,107986980,LINC02055,hg38_genes_introns
chr8,136659212,136659212,1,*,1.12826E-09,3.06824E-06,33.33333333,chr8,136537060,136760367,223308,+,intron:603482,ENST00000667909.1,107986980,LINC02055,hg38_genes_introns
chr2,180725601,180725601,1,*,3.02719E-06,0.00129183,33.38235294,chr2,180724691,180827240,102550,+,intron:163595,ENST00000629145.1,101669767,SCHLAP1,hg38_genes_introns
chr5,118546280,118546280,1,*,5.0786E-06,0.001902723,33.49405336,chr5,118523815,118561920,38106,-,intron:434244,ENST00000660173.1,101927280,LINC02208,hg38_genes_introns
chr5,118546280,118546280,1,*,5.0786E-06,0.001902723,33.49405336,chr5,118546150,118561920,15771,-,intron:434306,ENST00000661194.1,101927280,LINC02208,hg38_genes_introns
chr5,118546280,118546280,1,*,5.0786E-06,0.001902723,33.49405336,chr5,118546150,118555046,8897,-,intron:434307,ENST00000667817.1,101927280,LINC02208,hg38_genes_introns
chr5,118546280,118546280,1,*,5.0786E-06,0.001902723,33.49405336,chr5,118546150,118552352,6203,-,intron:434311,ENST00000515704.1,101927280,LINC02208,hg38_genes_introns
chr21,16382582,16382582,1,*,2.0603E-05,0.005527,33.51886209,chr21,16231116,16391613,160498,+,intron:1278940,ENST00000635845.2,388815,MIR99AHG,hg38_genes_introns
chr21,16382582,16382582,1,*,2.0603E-05,0.005527,33.51886209,chr21,16231116,16487489,256374,+,intron:1278991,ENST00000697818.1,388815,MIR99AHG,hg38_genes_introns
chr21,16382582,16382582,1,*,2.0603E-05,0.005527,33.51886209,chr21,16257455,16487489,230035,+,intron:1279117,ENST00000663661.1,388815,MIR99AHG,hg38_genes_introns
chr21,16382582,16382582,1,*,2.0603E-05,0.005527,33.51886209,chr21,16261697,16391613,129917,+,intron:1279127,ENST00000697977.1,388815,MIR99AHG,hg38_genes_introns
chr21,16382582,16382582,1,*,2.0603E-05,0.005527,33.51886209,chr21,16261697,16487489,225793,+,intron:1279160,ENST00000697870.1,388815,MIR99AHG,hg38_genes_introns
chr21,16382582,16382582,1,*,2.0603E-05,0.005527,33.51886209,chr21,16181688,16391613,209926,+,intron:1279393,ENST00000661148.1,388815,MIR99AHG,hg38_genes_introns
chr21,16382582,16382582,1,*,2.0603E-05,0.005527,33.51886209,chr21,16231116,16383159,152044,+,intron:1279397,ENST00000671666.1,388815,MIR99AHG,hg38_genes_introns
chr21,16382582,16382582,1,*,2.0603E-05,0.005527,33.51886209,chr21,16181688,16383159,201472,+,intron:1279469,ENST00000697873.1,388815,MIR99AHG,hg38_genes_introns
chr21,16382582,16382582,1,*,2.0603E-05,0.005527,33.51886209,chr21,16194634,16391613,196980,+,intron:1279542,ENST00000658724.1,388815,MIR99AHG,hg38_genes_introns
chr21,16382582,16382582,1,*,2.0603E-05,0.005527,33.51886209,chr21,16194634,16487489,292856,+,intron:1279548,ENST00000654997.1,388815,MIR99AHG,hg38_genes_introns
chr21,16382582,16382582,1,*,2.0603E-05,0.005527,33.51886209,chr21,16309766,16391613,81848,+,intron:1279628,ENST00000697825.1,388815,MIR99AHG,hg38_genes_introns
chr21,16382582,16382582,1,*,2.0603E-05,0.005527,33.51886209,chr21,16352274,16391613,39340,+,intron:1279632,ENST00000665555.1,388815,MIR99AHG,hg38_genes_introns
chr21,16382582,16382582,1,*,2.0603E-05,0.005527,33.51886209,chr21,16257455,16391613,134159,+,intron:1279639,ENST00000602505.6,388815,MIR99AHG,hg38_genes_introns
chr21,16382582,16382582,1,*,2.0603E-05,0.005527,33.51886209,chr21,16257455,16383159,125705,+,intron:1279791,ENST00000697876.1,388815,MIR99AHG,hg38_genes_introns
chr21,16382582,16382582,1,*,2.0603E-05,0.005527,33.51886209,chr21,16264509,16391613,127105,+,intron:1279797,ENST00000697984.1,388815,MIR99AHG,hg38_genes_introns
chr21,16382582,16382582,1,*,2.0603E-05,0.005527,33.51886209,chr21,16279863,16391613,111751,+,intron:1279799,ENST00000697985.1,388815,MIR99AHG,hg38_genes_introns
chr21,16382582,16382582,1,*,2.0603E-05,0.005527,33.51886209,chr21,16279863,16383159,103297,+,intron:1279801,ENST00000698068.1,388815,MIR99AHG,hg38_genes_introns
chr21,16382582,16382582,1,*,2.0603E-05,0.005527,33.51886209,chr21,16295063,16391613,96551,+,intron:1279820,ENST00000697950.1,388815,MIR99AHG,hg38_genes_introns
chr21,16382582,16382582,1,*,2.0603E-05,0.005527,33.51886209,chr21,16309766,16487489,177724,+,intron:1279825,ENST00000697824.1,388815,MIR99AHG,hg38_genes_introns
chr21,16382582,16382582,1,*,2.0603E-05,0.005527,33.51886209,chr21,16330712,16391613,60902,+,intron:1279830,ENST00000698166.1,388815,MIR99AHG,hg38_genes_introns
chr21,16382582,16382582,1,*,2.0603E-05,0.005527,33.51886209,chr21,16357398,16391613,34216,+,intron:1279841,ENST00000666860.1,388815,MIR99AHG,hg38_genes_introns
chr5,170287493,170287493,1,*,1.23748E-05,0.003731036,33.53628435,chr5,170275861,170287969,12109,-,intron:444925,ENST00000046794.10,3937,LCP2,hg38_genes_introns
chr2,188159193,188159193,1,*,8.30016E-11,2.80771E-07,33.62831858,chr2,188035712,188165753,130042,-,intron:224024,ENST00000434418.2,104355152,LINC01090,hg38_genes_introns
chr2,188159193,188159193,1,*,8.30016E-11,2.80771E-07,33.62831858,chr2,188139741,188165753,26013,-,intron:224026,ENST00000632331.1,104355152,LINC01090,hg38_genes_introns
chr1,89729626,89729626,1,*,5.87977E-06,0.002124858,33.78959096,chr1,89686612,89843637,157026,+,intron:30102,ENST00000370453.5,55144,LRRC8D,hg38_genes_introns
chr1,89729626,89729626,1,*,5.87977E-06,0.002124858,33.78959096,chr1,89686612,89758856,72245,+,intron:30097,ENST00000479252.1,84230,LRRC8C,hg38_genes_introns
chr6,68665463,68665463,1,*,1.90635E-05,0.005213394,33.90847712,chr6,68639433,68930558,291126,+,intron:463918,ENST00000370598.6,577,ADGRB3,hg38_genes_introns
chr5,8525640,8525640,1,*,3.83167E-06,0.00152269,34.02618658,chr5,8525345,8528476,3132,+,intron:386913,ENST00000657075.1,105374647,LOC105374647,hg38_genes_introns
chr5,8525640,8525640,1,*,3.83167E-06,0.00152269,34.02618658,chr5,8525345,8528510,3166,+,intron:386917,ENST00000659580.1,105374647,LOC105374647,hg38_genes_introns
chr5,8525640,8525640,1,*,3.83167E-06,0.00152269,34.02618658,chr5,8525345,8533645,8301,+,intron:386921,ENST00000654467.1,105374647,LOC105374647,hg38_genes_introns
chr8,112644367,112644367,1,*,4.34542E-06,0.00168344,34.25891645,chr8,112638912,112645108,6197,-,intron:621199,ENST00000343508.7,114788,CSMD3,hg38_genes_introns
chr11,94798564,94798564,1,*,1.63448E-06,0.000847779,34.30191354,chr11,94795161,94799389,4229,+,intron:765311,ENST00000299004.13,154810,AMOTL1,hg38_genes_introns
chr11,94798564,94798564,1,*,1.63448E-06,0.000847779,34.30191354,chr11,94768561,94799389,30829,+,intron:765312,ENST00000317829.12,154810,AMOTL1,hg38_genes_introns
chr2,50574926,50574926,1,*,1.23031E-05,0.00372006,34.56768249,chr2,50553026,50620021,66996,-,intron:193430,ENST00000401669.7,9378,NRXN1,hg38_genes_introns
chr2,50574926,50574926,1,*,1.23031E-05,0.00372006,34.56768249,chr2,50554489,50620021,65533,-,intron:193657,ENST00000637605.1,9378,NRXN1,hg38_genes_introns
chr13,101881592,101881592,1,*,4.68739E-06,0.001780395,34.8934937,chr13,101875297,101916452,41156,-,intron:914146,ENST00000376143.5,2259,FGF14,hg38_genes_introns
chr13,101881592,101881592,1,*,4.68739E-06,0.001780395,34.8934937,chr13,101875297,102401470,526174,-,intron:914150,ENST00000376131.8,2259,FGF14,hg38_genes_introns
chr1,66766234,66766234,1,*,4.48543E-06,0.001718479,34.89583333,chr1,66754778,66770386,15609,+,intron:25904,ENST00000525663.5,200132,DYNLT5,hg38_genes_introns
chr1,66766234,66766234,1,*,4.48543E-06,0.001718479,34.89583333,chr1,66755774,66768658,12885,+,intron:25917,ENST00000491611.1,200132,DYNLT5,hg38_genes_introns
chr3,86913902,86913902,1,*,1.16817E-06,0.000663993,35.22727273,chr3,86909059,86947009,37951,-,intron:305968,ENST00000637106.1,105377196,LOC105377196,hg38_genes_introns
chr3,150089823,150089823,1,*,1.13685E-05,0.003488291,35.38101243,chr3,150039260,150124937,85678,+,intron:274247,ENST00000487840.5,105374313,LOC105374313,hg38_genes_introns
chr8,62453749,62453749,1,*,3.43959E-06,0.001411363,35.52867384,chr8,62249128,62579538,330411,+,intron:592411,ENST00000674732.1,286183,NKAIN3,hg38_genes_introns
chr8,62453749,62453749,1,*,3.43959E-06,0.001411363,35.52867384,chr8,62249128,62579538,330411,+,intron:592441,ENST00000674864.1,107986946,LOC107986946,hg38_genes_introns
chr2,216330931,216330931,1,*,6.00794E-08,6.3125E-05,35.55250515,chr2,216283730,216369744,86015,-,intron:231085,ENST00000273067.5,57574,MARCHF4,hg38_genes_introns
chr21,10564985,10564985,1,*,2.64391E-08,3.33352E-05,35.57220356,chr21,10561192,10567669,6478,+,intron:1278472,ENST00000612267.1,7179,TPTE,hg38_genes_introns
chr6,81908992,81908992,1,*,1.84697E-06,0.000908366,35.59176672,chr6,81845910,82057938,212029,-,intron:493956,ENST00000667666.1,102724168,LINC02542,hg38_genes_introns
chr6,81908992,81908992,1,*,1.84697E-06,0.000908366,35.59176672,chr6,81845910,81928856,82947,-,intron:493961,ENST00000418567.2,102724168,LINC02542,hg38_genes_introns
chr6,81908992,81908992,1,*,1.84697E-06,0.000908366,35.59176672,chr6,81845910,81938320,92411,-,intron:493975,ENST00000660534.2,102724168,LINC02542,hg38_genes_introns
chr6,81908992,81908992,1,*,1.84697E-06,0.000908366,35.59176672,chr6,81895500,81938320,42821,-,intron:493979,ENST00000702318.1,102724168,LINC02542,hg38_genes_introns
chr2,212225549,212225549,1,*,3.18495E-06,0.001338562,35.78431373,chr2,212124904,212538448,413545,-,intron:230068,ENST00000342788.9,2066,ERBB4,hg38_genes_introns
chr2,212225549,212225549,1,*,3.18495E-06,0.001338562,35.78431373,chr2,212124904,212429158,304255,-,intron:230141,ENST00000435846.1,2066,ERBB4,hg38_genes_introns
chr1,85847105,85847105,1,*,3.43614E-07,0.000237096,36.11111111,chr1,85842394,85847664,5271,-,intron:94669,ENST00000370571.7,255631,COL24A1,hg38_genes_introns
chr2,556798,556798,1,*,5.5222E-06,0.002026141,36.39367067,chr2,553153,557152,4000,+,1to5kb:22421,ENST00000657562.1,105373352,LOC105373352,hg38_genes_1to5kb
chr2,556798,556798,1,*,5.5222E-06,0.002026141,36.39367067,chr2,553167,557166,4000,+,1to5kb:22422,ENST00000671362.1,105373352,LOC105373352,hg38_genes_1to5kb
chr2,556798,556798,1,*,5.5222E-06,0.002026141,36.39367067,chr2,553186,557185,4000,+,1to5kb:22423,ENST00000656164.1,105373352,LOC105373352,hg38_genes_1to5kb
chr2,556798,556798,1,*,5.5222E-06,0.002026141,36.39367067,chr2,553196,557195,4000,+,1to5kb:22424,ENST00000668397.1,105373352,LOC105373352,hg38_genes_1to5kb
chr2,556798,556798,1,*,5.5222E-06,0.002026141,36.39367067,chr2,553204,557203,4000,+,1to5kb:22425,ENST00000444079.1,105373352,LOC105373352,hg38_genes_1to5kb
chr2,556798,556798,1,*,5.5222E-06,0.002026141,36.39367067,chr2,554128,558127,4000,+,1to5kb:22426,ENST00000654620.1,105373352,LOC105373352,hg38_genes_1to5kb
chr1,88173248,88173248,1,*,2.46087E-06,0.0011227,36.41304348,chr1,88034900,88228095,193196,-,intron:95145,ENST00000642677.1,107985518,LOC107985518,hg38_genes_introns
chr1,88173248,88173248,1,*,2.46087E-06,0.0011227,36.41304348,chr1,88034900,88269151,234252,-,intron:95155,ENST00000644540.1,107985519,LINC01773,hg38_genes_introns
chr1,88173248,88173248,1,*,2.46087E-06,0.0011227,36.41304348,chr1,88034900,88327186,292287,-,intron:95157,ENST00000643530.1,107985519,LINC01773,hg38_genes_introns
chr10,90903351,90903351,1,*,6.06956E-07,0.000382961,36.57888658,chr10,90900667,90905301,4635,+,intron:698474,ENST00000480406.6,10556,RPP30,hg38_genes_introns
chr10,90903351,90903351,1,*,6.06956E-07,0.000382961,36.57888658,chr10,90903277,90905301,2025,+,intron:698481,ENST00000489806.5,10556,RPP30,hg38_genes_introns
chr10,90903351,90903351,1,*,6.06956E-07,0.000382961,36.57888658,chr10,90903277,90908282,5006,+,intron:698487,ENST00000470933.1,10556,RPP30,hg38_genes_introns
chr17,70049077,70049077,1,*,4.36889E-06,0.001687818,36.68107749,chr17,70022198,70128068,105871,-,intron:1144368,ENST00000435112.5,112267896,LOC112267896,hg38_genes_introns
chr17,70049077,70049077,1,*,4.36889E-06,0.001687818,36.68107749,chr17,70022198,70053298,31101,-,intron:1144373,ENST00000587325.1,112267896,LOC112267896,hg38_genes_introns
chr17,70049077,70049077,1,*,4.36889E-06,0.001687818,36.68107749,chr17,70046277,70050276,4000,+,1to5kb:199406,ENST00000586373.1,101928141,LINC01028,hg38_genes_1to5kb
chr17,70049077,70049077,1,*,4.36889E-06,0.001687818,36.68107749,chr17,70046378,70050377,4000,+,1to5kb:199407,ENST00000588782.1,101928141,LINC01028,hg38_genes_1to5kb
chr17,70049077,70049077,1,*,4.36889E-06,0.001687818,36.68107749,chr17,70048429,70052428,4000,+,1to5kb:199408,ENST00000591891.5,3773,KCNJ16,hg38_genes_1to5kb
chr2,37628847,37628847,1,*,2.87148E-06,0.001256015,36.90821256,chr2,37612259,37642740,30482,+,intron:136879,ENST00000419425.1,105374464,LOC105374464,hg38_genes_introns
chr21,26915646,26915646,1,*,7.53969E-07,0.000458636,36.92307692,chr21,26910031,26939615,29585,+,intron:1280509,ENST00000426771.1,105372760,LOC105372760,hg38_genes_introns
chr4,164219254,164219254,1,*,1.17505E-06,0.000665182,37.09028177,chr4,164111663,164383869,272207,-,intron:382024,ENST00000514618.6,55016,MARCHF1,hg38_genes_introns
chr4,164219254,164219254,1,*,1.17505E-06,0.000665182,37.09028177,chr4,164111663,164383186,271524,-,intron:382031,ENST00000503008.5,55016,MARCHF1,hg38_genes_introns
chr4,164219254,164219254,1,*,1.17505E-06,0.000665182,37.09028177,chr4,164111663,164234832,123170,-,intron:382055,ENST00000508725.5,55016,MARCHF1,hg38_genes_introns
chr4,164219254,164219254,1,*,1.17505E-06,0.000665182,37.09028177,chr4,164111663,164329929,218267,-,intron:382058,ENST00000505391.5,55016,MARCHF1,hg38_genes_introns
chr4,164219254,164219254,1,*,1.17505E-06,0.000665182,37.09028177,chr4,164130064,164383186,253123,-,intron:382064,ENST00000510075.1,55016,MARCHF1,hg38_genes_introns
chr1,79145869,79145869,1,*,1.25301E-10,3.94957E-07,37.14285714,chr1,79123525,79161334,37810,-,intron:94070,ENST00000659100.1,107984998,LOC107984998,hg38_genes_introns
chr1,79145869,79145869,1,*,1.25301E-10,3.94957E-07,37.14285714,chr1,79113151,79281921,168771,-,intron:93977,ENST00000661030.1,64123,ADGRL4,hg38_genes_introns
chr1,79145869,79145869,1,*,1.25301E-10,3.94957E-07,37.14285714,chr1,79113151,79236452,123302,-,intron:94007,ENST00000655029.1,64123,ADGRL4,hg38_genes_introns
chr1,79145869,79145869,1,*,1.25301E-10,3.94957E-07,37.14285714,chr1,78946427,79188342,241916,-,intron:94048,ENST00000656300.1,64123,ADGRL4,hg38_genes_introns
chr1,79145869,79145869,1,*,1.25301E-10,3.94957E-07,37.14285714,chr1,79113151,79188342,75192,-,intron:94057,ENST00000662530.1,64123,ADGRL4,hg38_genes_introns
chr2,34387981,34387981,1,*,1.92261E-06,0.000929092,37.3037272,chr2,34384570,34663773,279204,+,intron:136428,ENST00000650021.1,104355288,LINC01320,hg38_genes_introns
chr7,120279526,120279526,1,*,2.90333E-08,3.59523E-05,37.67676768,chr7,120275748,120732902,457155,+,intron:538150,ENST00000331113.9,3751,KCND2,hg38_genes_introns
chr5,108947158,108947158,1,*,1.71456E-07,0.00014325,37.76119403,chr5,108946223,108954728,8506,+,intron:402742,ENST00000281092.9,2241,FER,hg38_genes_introns
chr12,24462179,24462179,1,*,4.31136E-08,5.06736E-05,38.33992095,chr12,24407567,24562332,154766,-,intron:861118,ENST00000646273.1,6660,SOX5,hg38_genes_introns
chr12,24462179,24462179,1,*,4.31136E-08,5.06736E-05,38.33992095,chr12,24368640,24562328,193689,-,intron:861192,ENST00000446891.7,6660,SOX5,hg38_genes_introns
chr12,24462179,24462179,1,*,4.31136E-08,5.06736E-05,38.33992095,chr12,24460777,24562337,101561,-,intron:861197,ENST00000429944.6,6660,SOX5,hg38_genes_introns
chr12,24462179,24462179,1,*,4.31136E-08,5.06736E-05,38.33992095,chr12,24407567,24562337,154771,-,intron:861202,ENST00000538905.1,6660,SOX5,hg38_genes_introns
chr12,89915156,89915156,1,*,1.51604E-06,0.000805602,38.37328767,chr12,89914692,89918691,4000,+,1to5kb:150437,ENST00000652964.1,105369890,LOC105369890,hg38_genes_1to5kb
chr12,89915156,89915156,1,*,1.51604E-06,0.000805602,38.37328767,chr12,89801003,89921066,120064,+,intron:841622,ENST00000651272.1,105369890,LOC105369890,hg38_genes_introns
chr12,89915156,89915156,1,*,1.51604E-06,0.000805602,38.37328767,chr12,89882892,89921066,38175,+,intron:841626,ENST00000547370.5,105369890,LOC105369890,hg38_genes_introns
chr8,50450403,50450403,1,*,9.56394E-08,9.21136E-05,38.65830116,chr8,50449726,50450555,830,+,intron:591136,ENST00000518864.5,54212,SNTG1,hg38_genes_introns
chr8,50450403,50450403,1,*,9.56394E-08,9.21136E-05,38.65830116,chr8,50402345,50502777,100433,+,intron:591155,ENST00000642525.1,54212,SNTG1,hg38_genes_introns
chr8,50450403,50450403,1,*,9.56394E-08,9.21136E-05,38.65830116,chr8,50402345,50752000,349656,+,intron:591278,ENST00000646880.1,54212,SNTG1,hg38_genes_introns
chr8,50450403,50450403,1,*,9.56394E-08,9.21136E-05,38.65830116,chr8,50394266,50502777,108512,+,intron:591281,ENST00000643809.1,54212,SNTG1,hg38_genes_introns
chr3,111548718,111548718,1,*,5.24785E-08,5.82265E-05,38.90364646,chr3,111545403,111567522,22120,+,intron:263216,ENST00000438817.6,10225,CD96,hg38_genes_introns
chr3,111548718,111548718,1,*,5.24785E-08,5.82265E-05,38.90364646,chr3,111545329,111567522,22194,+,intron:263223,ENST00000488054.1,10225,CD96,hg38_genes_introns
chr6,72905218,72905218,1,*,1.238E-07,0.000110064,39.25597636,chr6,72622588,73003907,381320,+,intron:464773,ENST00000342056.6,56479,KCNQ5,hg38_genes_introns
chr2,141763599,141763599,1,*,6.85481E-09,1.18361E-05,39.91397849,chr2,141480534,141810278,329745,-,intron:212092,ENST00000389484.8,53353,LRP1B,hg38_genes_introns
chr2,141763599,141763599,1,*,6.85481E-09,1.18361E-05,39.91397849,chr2,140982277,141810278,828002,-,intron:212127,ENST00000434794.1,53353,LRP1B,hg38_genes_introns
chr15,31416060,31416060,1,*,1.95145E-07,0.000159205,40.02808989,chr15,31327790,31435369,107580,+,intron:968971,ENST00000558921.1,51621,KLF13,hg38_genes_introns
chr15,31416060,31416060,1,*,1.95145E-07,0.000159205,40.02808989,chr15,31393692,31435369,41678,+,intron:968977,ENST00000558225.1,51621,KLF13,hg38_genes_introns
chr2,49209092,49209092,1,*,5.1104E-08,5.76235E-05,40.17094017,chr2,49202688,49216014,13327,-,intron:193407,ENST00000635306.1,107985810,LOC107985810,hg38_genes_introns
chr9,12742664,12742664,1,*,3.66566E-07,0.000246306,41.47869674,chr9,12699356,12759551,60196,-,intron:658843,ENST00000650458.1,101929467,LURAP1L-AS1,hg38_genes_introns
chr9,12742664,12742664,1,*,3.66566E-07,0.000246306,41.47869674,chr9,12700627,12759551,58925,-,intron:658844,ENST00000654076.1,101929467,LURAP1L-AS1,hg38_genes_introns
chr6,58123540,58123540,1,*,6.91265E-09,1.18361E-05,41.76755448,chr6,58043528,58178604,135077,+,intron:463689,ENST00000667148.1,101927293,LOC101927293,hg38_genes_introns
chr6,58123540,58123540,1,*,6.91265E-09,1.18361E-05,41.76755448,chr6,58043528,58162609,119082,+,intron:463693,ENST00000670654.1,101927293,LOC101927293,hg38_genes_introns
chr6,58123540,58123540,1,*,6.91265E-09,1.18361E-05,41.76755448,chr6,58072268,58162609,90342,+,intron:463730,ENST00000661843.1,101927293,LOC101927293,hg38_genes_introns
chr2,149756022,149756022,1,*,5.39245E-08,5.93561E-05,41.81155821,chr2,149743760,149847908,104149,+,intron:157800,ENST00000687950.1,101929231,MMADHC-DT,hg38_genes_introns
chr2,149756022,149756022,1,*,5.39245E-08,5.93561E-05,41.81155821,chr2,149743760,149827037,83278,+,intron:157804,ENST00000702116.1,101929231,MMADHC-DT,hg38_genes_introns
chr2,149756022,149756022,1,*,5.39245E-08,5.93561E-05,41.81155821,chr2,149749718,149857450,107733,-,intron:212703,ENST00000658047.1,150596,LINC01931,hg38_genes_introns
chr5,106859167,106859167,1,*,6.34908E-08,6.47472E-05,41.8227216,chr5,106818478,106969883,151406,-,intron:433483,ENST00000513273.1,102467213,LINC01950,hg38_genes_introns
chr5,106859167,106859167,1,*,6.34908E-08,6.47472E-05,41.8227216,chr5,106818478,107010939,192462,-,intron:433486,ENST00000661979.1,102467213,LINC01950,hg38_genes_introns
chr5,106859167,106859167,1,*,6.34908E-08,6.47472E-05,41.8227216,chr5,106844215,106980763,136549,-,intron:433488,ENST00000505997.1,102467213,LINC01950,hg38_genes_introns
chr5,106859167,106859167,1,*,6.34908E-08,6.47472E-05,41.8227216,chr5,106818478,106980763,162286,-,intron:433490,ENST00000657922.1,102467213,LINC01950,hg38_genes_introns
chr3,116955067,116955067,1,*,4.17335E-10,1.18124E-06,41.96428571,chr3,116444956,117009229,564274,-,intron:310240,ENST00000474851.1,4045,LSAMP,hg38_genes_introns
chr10,76229864,76229864,1,*,1.88162E-07,0.000155336,42.26190476,chr10,76058784,76324400,265617,+,intron:696163,ENST00000611255.5,83938,LRMDA,hg38_genes_introns
chr11,19402798,19402798,1,*,6.33217E-12,3.55565E-08,42.85714286,chr11,19351028,19832483,481456,+,intron:745005,ENST00000360655.8,89797,NAV2,hg38_genes_introns
chr13,79409830,79409830,1,*,2.33818E-07,0.000177205,42.90752351,chr13,79407832,79411831,4000,+,1to5kb:161092,ENST00000606584.6,100505538,RBM26-AS1,hg38_genes_1to5kb
chr13,79409830,79409830,1,*,2.33818E-07,0.000177205,42.90752351,chr13,79406478,79417834,11357,+,intron:899525,ENST00000654024.1,100505538,RBM26-AS1,hg38_genes_introns
chr13,79409830,79409830,1,*,2.33818E-07,0.000177205,42.90752351,chr13,79406478,79412681,6204,+,intron:899528,ENST00000656910.1,100505538,RBM26-AS1,hg38_genes_introns
chr13,79409830,79409830,1,*,2.33818E-07,0.000177205,42.90752351,chr13,79407096,79417834,10739,+,intron:899553,ENST00000607864.1,100505538,RBM26-AS1,hg38_genes_introns
chr13,79409830,79409830,1,*,2.33818E-07,0.000177205,42.90752351,chr13,79407222,79411221,4000,-,1to5kb:163508,ENST00000438724.5,64062,RBM26,hg38_genes_1to5kb
chr13,79409830,79409830,1,*,2.33818E-07,0.000177205,42.90752351,chr13,79407256,79411255,4000,-,1to5kb:163510,ENST00000438737.3,64062,RBM26,hg38_genes_1to5kb
chr13,79409830,79409830,1,*,2.33818E-07,0.000177205,42.90752351,chr13,79406789,79410788,4000,-,1to5kb:163511,ENST00000267229.11,64062,RBM26,hg38_genes_1to5kb
chr13,79409830,79409830,1,*,2.33818E-07,0.000177205,42.90752351,chr13,79407478,79411477,4000,-,1to5kb:163513,ENST00000472143.2,64062,RBM26,hg38_genes_1to5kb
chr3,1322369,1322369,1,*,5.46481E-09,9.97265E-06,43.53256021,chr3,1321835,1325814,3980,+,intron:238668,ENST00000397479.6,27255,CNTN6,hg38_genes_introns
chr13,70080382,70080382,1,*,6.41601E-08,6.49521E-05,43.99460189,chr13,69961445,70107202,145758,-,intron:910562,ENST00000545028.2,57626,KLHL1,hg38_genes_introns
chr13,70080382,70080382,1,*,6.41601E-08,6.49521E-05,43.99460189,chr13,69975803,70107202,131400,-,intron:910572,ENST00000377844.9,57626,KLHL1,hg38_genes_introns
chr6,124748138,124748138,1,*,1.11541E-08,1.71536E-05,44.13533835,chr6,124683023,124786459,103437,-,intron:504355,ENST00000663792.1,7955,RNF217-AS1,hg38_genes_introns
chr6,124748138,124748138,1,*,1.11541E-08,1.71536E-05,44.13533835,chr6,124648657,124786459,137803,-,intron:504367,ENST00000663732.1,7955,RNF217-AS1,hg38_genes_introns
chr6,124748138,124748138,1,*,1.11541E-08,1.71536E-05,44.13533835,chr6,124744473,124786459,41987,-,intron:504381,ENST00000658682.1,7955,RNF217-AS1,hg38_genes_introns
chr6,124748138,124748138,1,*,1.11541E-08,1.71536E-05,44.13533835,chr6,124658387,124791338,132952,+,intron:471062,ENST00000368417.6,154215,NKAIN2,hg38_genes_introns
chr5,83177052,83177052,1,*,6.25912E-09,1.09884E-05,44.42857143,chr5,83111204,83195769,84566,+,intron:399228,ENST00000282268.7,7518,XRCC4,hg38_genes_introns
chr1,101947776,101947776,1,*,4.2372E-09,8.35873E-06,45.16908213,chr1,101837026,101996747,159722,-,intron:96919,ENST00000370103.9,118427,OLFM3,hg38_genes_introns
chr5,125426490,125426490,1,*,4.50194E-09,8.55314E-06,45.5026455,chr5,125325448,125440598,115151,+,intron:405061,ENST00000647105.1,101927421,LOC101927421,hg38_genes_introns
chr2,51729719,51729719,1,*,2.46522E-11,1.0056E-07,45.57395774,chr2,51527661,51762088,234428,+,intron:139079,ENST00000440698.1,730100,LOC730100,hg38_genes_introns
chr2,133319579,133319579,1,*,1.38335E-09,3.61998E-06,45.76064909,chr2,133303111,133517457,214347,-,intron:211595,ENST00000409261.6,344148,NCKAP5,hg38_genes_introns
chr2,79945543,79945543,1,*,2.31491E-11,1.00331E-07,46.18888551,chr2,79909798,80393210,483413,+,intron:145543,ENST00000466387.5,1496,CTNNA2,hg38_genes_introns
chr6,9212000,9212000,1,*,5.96981E-11,2.17884E-07,47.87878788,chr6,9189036,9224938,35903,+,intron:450404,ENST00000693633.1,105374914,LOC105374914,hg38_genes_introns
chr6,9212000,9212000,1,*,5.96981E-11,2.17884E-07,47.87878788,chr6,9046492,9224938,178447,+,intron:450408,ENST00000701356.1,105374914,LOC105374914,hg38_genes_introns
chr6,9212000,9212000,1,*,5.96981E-11,2.17884E-07,47.87878788,chr6,9046492,9224938,178447,+,intron:450066,ENST00000644892.1,100506207,LOC100506207,hg38_genes_introns
chr6,9212000,9212000,1,*,5.96981E-11,2.17884E-07,47.87878788,chr6,9189036,9224938,35903,+,intron:450112,ENST00000646403.1,100506207,LOC100506207,hg38_genes_introns
chr6,9212000,9212000,1,*,5.96981E-11,2.17884E-07,47.87878788,chr6,9046492,9283760,237269,+,intron:450139,ENST00000642798.1,100506207,LOC100506207,hg38_genes_introns
chr8,71273689,71273689,1,*,2.43824E-11,1.0056E-07,48.12900927,chr8,71271239,71275238,4000,-,1to5kb:110402,ENST00000644424.1,2138,EYA1,hg38_genes_1to5kb
chr8,71273689,71273689,1,*,2.43824E-11,1.0056E-07,48.12900927,chr8,71271898,71299046,27149,-,intron:615122,ENST00000388742.8,2138,EYA1,hg38_genes_introns
chr1,169170312,169170312,1,*,6.40928E-12,3.55565E-08,50.32532533,chr1,169132818,169190642,57825,-,intron:114071,ENST00000530739.5,29922,NME7,hg38_genes_introns
chr1,169170312,169170312,1,*,6.40928E-12,3.55565E-08,50.32532533,chr1,169169555,169230717,61163,-,intron:114073,ENST00000493481.1,29922,NME7,hg38_genes_introns
chr1,169170312,169170312,1,*,6.40928E-12,3.55565E-08,50.32532533,chr1,169169555,169190642,21088,-,intron:114097,ENST00000525440.5,29922,NME7,hg38_genes_introns
chr1,169170312,169170312,1,*,6.40928E-12,3.55565E-08,50.32532533,chr1,169153983,169223647,69665,+,intron:50010,ENST00000688755.1,481,ATP1B1,hg38_genes_introns
chr7,31593657,31593657,1,*,1.94409E-10,5.99175E-07,50.67920585,chr7,31583192,31642175,58984,+,intron:519584,ENST00000615280.5,223075,ITPRID1,hg38_genes_introns
chr14,45959108,45959108,1,*,5.20217E-15,1.03071E-10,52.27916863,chr14,45941019,46210823,269805,+,intron:923152,ENST00000666179.1,100506412,LINC00871,hg38_genes_introns
chr15,85605603,85605603,1,*,1.16146E-16,5.36947E-12,53.75175316,chr15,85585824,85639373,53550,+,intron:984230,ENST00000559362.5,11214,AKAP13,hg38_genes_introns
chr10,54762953,54762953,1,*,2.12655E-12,1.40445E-08,54.26716141,chr10,54664291,54800924,136634,-,intron:719008,ENST00000644397.2,65217,PCDH15,hg38_genes_introns
chr10,54762953,54762953,1,*,2.12655E-12,1.40445E-08,54.26716141,chr10,53857264,54800924,943661,-,intron:719118,ENST00000495484.5,65217,PCDH15,hg38_genes_introns
chr10,54762953,54762953,1,*,2.12655E-12,1.40445E-08,54.26716141,chr10,54664291,54897449,233159,-,intron:719629,ENST00000613346.4,65217,PCDH15,hg38_genes_introns
chr14,56397626,56397626,1,*,5.10324E-12,3.07729E-08,55.49719888,chr14,56345071,56426187,81117,+,intron:924790,ENST00000664388.1,102723699,LINC02284,hg38_genes_introns
chr3,134919104,134919104,1,*,3.53388E-13,3.50085E-09,56,chr3,134779882,134925815,145934,+,intron:271996,ENST00000460895.5,2047,EPHB1,hg38_genes_introns
chr3,134919104,134919104,1,*,3.53388E-13,3.50085E-09,56,chr3,134795690,134925815,130126,+,intron:271998,ENST00000398015.8,2047,EPHB1,hg38_genes_introns
chr3,134919104,134919104,1,*,3.53388E-13,3.50085E-09,56,chr3,134796394,134925815,129422,+,intron:272037,ENST00000497173.5,2047,EPHB1,hg38_genes_introns
chr3,134919104,134919104,1,*,3.53388E-13,3.50085E-09,56,chr3,134841550,134925815,84266,+,intron:272041,ENST00000473867.5,2047,EPHB1,hg38_genes_introns
chr3,134919104,134919104,1,*,3.53388E-13,3.50085E-09,56,chr3,134852603,134925815,73213,+,intron:272043,ENST00000474732.1,2047,EPHB1,hg38_genes_introns
chr7,89229779,89229779,1,*,1.80267E-18,2.50015E-13,57,chr7,89218296,89327343,109048,+,intron:528953,ENST00000333190.5,219578,ZNF804B,hg38_genes_introns